pipeline_name	Mycobacterium pipeline
pipeline_version	1.1
sample	S20BD04318
input_files	S20BD04318_1.fastq.gz, S20BD04318_2.fastq.gz
analysis_date	15/07/2022 - 11:49:47
detection_method	blast
downsampling_coverage_estimated	45.72
downsampling_coverage_target	100.00
downsampling_downsample_factor	None
downsampling_mean_read_length	234.21
downsampling_nb_read_pairs_in	210589
downsampling_nb_read_pairs_out	210589
downsampling_size_ref_genome	2157444
downsampling_total_bases	98642183
trimming_pairs_in	1226653
trimming_pairs_out	1136406
trimming_fwd_only_surviving	72161
trimming_rev_only_surviving	7642
trimming_pairs_both_dropped	10444
assembly_n50	28869
assembly_nb_contigs	785
assembly_total_length	8697076
qc_kraken_status	Failed
qc_kraken_value	12.48%
qc_cgmlst_status	OK
qc_cgmlst_value	96.91%
qc_cov_ref_status	OK
qc_cov_ref_value	68.00x
qc_map_rate_ref_status	Failed
qc_map_rate_ref_value	61.54%
qc_fqc_avg_qual_fwd_status	OK
qc_fqc_avg_qual_fwd_value	36
qc_fqc_avg_qual_rev_status	OK
qc_fqc_avg_qual_rev_value	36
qc_fqc_gc_fwd_status	Failed
qc_fqc_gc_fwd_value	4.60%
qc_fqc_gc_rev_status	Failed
qc_fqc_gc_rev_value	5.60%
qc_fqc_n_fraction_fwd_status	OK
qc_fqc_n_fraction_fwd_value	0.0000
qc_fqc_n_fraction_rev_status	OK
qc_fqc_n_fraction_rev_value	0.0000
qc_fqc_per_base_fwd_status	OK
qc_fqc_per_base_fwd_value	0.33%
qc_fqc_per_base_rev_status	OK
qc_fqc_per_base_rev_value	0.90%
qc_fqc_qscore_fwd_status	OK
qc_fqc_qscore_fwd_value	inf
qc_fqc_qscore_rev_status	OK
qc_fqc_qscore_rev_value	inf
qc_fqc_seq_len_fwd_status	OK
qc_fqc_seq_len_fwd_value	98.41%
qc_fqc_seq_len_rev_status	OK
qc_fqc_seq_len_rev_value	84.46%
kraken2_expected_species	Mycobacterium tuberculosis
kraken2_expected_species_occurrence	33.76
kraken2_contaminants_warn	[('Bifidobacterium longum', 1.58), ('Streptococcus parasanguinis', 1.55), ('Actinomyces pacaensis', 1.36)]
kraken2_contaminants_fail	[('Rothia mucilaginosa', 12.48)]
vc-mapping_rate	61.54
vc-median_depth	68.0
filt-depth-in	1346
filt-depth-out	1266
filt-distance-in	1078
filt-distance-out	1022
filt-mapping_qual-in	1226
filt-mapping_qual-out	1078
filt-region-in	1015
filt-region-out	859
filt-snp_qual-in	1266
filt-snp_qual-out	1226
filt-zscore-in	1022
filt-zscore-out	1015
kraken2_expected_species	Mycobacterium tuberculosis
kraken2_expected_species_occurrence	33.76
kraken2_contaminants_warn	[('Bifidobacterium longum', 1.58), ('Streptococcus parasanguinis', 1.55), ('Actinomyces pacaensis', 1.36)]
kraken2_contaminants_fail	[('Rothia mucilaginosa', 12.48)]
hits_ncbi_16s	[["Cluster_34", "NR_113174.1", "95.27", "1310/1437", "NODE_475_length_2857_cov_4.963004", "1556..2857", "Bifidobacterium stellenboschense strain AFB23-3 16S ribosomal RNA gene, partial sequence", "NR_113174.1"], ["Cluster_126", "NR_025862.1", "98.94", "1408/1406", "NODE_363_length_4853_cov_4.779657", "2590..3996", "Granulicatella adiacens strain GIFU 12706 16S ribosomal RNA, partial sequence", "NR_025862.1"], ["Cluster_24", "NR_044826.2", "100.00", "1532/1532", "NODE_97_length_18516_cov_28.982109", "14626..16157", "Mycobacterium tuberculosis strain H37Rv 16S ribosomal RNA, complete sequence", "NR_044826.2"], ["Cluster_24", "NR_102810.2", "100.00", "1532/1532", "NODE_97_length_18516_cov_28.982109", "14626..16157", "Mycobacterium tuberculosis strain H37Rv 16S ribosomal RNA, complete sequence", "NR_102810.2"], ["Cluster_45", "NR_118319.1", "95.92", "1371/1404", "NODE_252_length_8300_cov_10.231776", "1705..3071", "Streptococcus constellatus subsp. viborgensis strain SK1359 16S ribosomal RNA gene, partial sequence", "NR_118319.1"], ["Cluster_11", "NR_116212.1", "96.92", "1329/1329", "NODE_252_length_8300_cov_10.231776", "1712..3039", "Streptococcus peroris strain CCUG 39814 16S ribosomal RNA gene, partial sequence", "NR_116212.1"], ["Cluster_14", "NR_118998.1", "97.28", "1542/1540", "NODE_252_length_8300_cov_10.231776", "1615..3154", "Streptococcus thermophilus strain DSM 20617 16S ribosomal RNA, partial sequence", "NR_118998.1"]]
csb_detected	True
RD1_detected	True
RD9_detected	True
hits_hsp65	[["Cluster_0", "seq_132", "100.00", "401/401", "NODE_11_length_123334_cov_27.770094", "45604..46004", "M. tuberculosis", "ATCC 27294, H37Rv(T)"], ["Cluster_0", "seq_19", "100.00", "401/401", "NODE_11_length_123334_cov_27.770094", "45604..46004", "M. bovis", "CIP 105234(T)"], ["Cluster_0", "seq_23", "100.00", "401/401", "NODE_11_length_123334_cov_27.770094", "45604..46004", "M. caprae", "CIP 105776(T)"], ["Cluster_0", "seq_81", "100.00", "401/401", "NODE_11_length_123334_cov_27.770094", "45604..46004", "M. microti", "CIP 104256, ATCC 19422(T)"]]
51SNP-positive_control	OK
51SNP-gyrB_group	TC1
51SNP-genetic_group	GG2
51SNP-scg	3b
51SNP-st	34
51SNP-matching_snps	45
51SNP-SNP01	-
51SNP-SNP02	-
51SNP-SNP03	-
51SNP-SNP04	-
51SNP-SNP05	-
51SNP-SNP06	C
51SNP-SNP07	G
51SNP-SNP08	-
51SNP-SNP09	G
51SNP-SNP10	T
51SNP-SNP11	T
51SNP-SNP12	-
51SNP-SNP13	-
51SNP-SNP14	-
51SNP-SNP15	-
51SNP-SNP16	A
51SNP-SNP17	-
51SNP-SNP18	C
51SNP-SNP19	C
51SNP-SNP20	-
51SNP-SNP21	-
51SNP-SNP22	-
51SNP-SNP23	-
51SNP-SNP24	-
51SNP-SNP25	-
51SNP-SNP26	-
51SNP-SNP27	-
51SNP-SNP28	-
51SNP-SNP29	-
51SNP-SNP30	-
51SNP-SNP31	-
51SNP-SNP32	A
51SNP-SNP33	-
51SNP-SNP34	-
51SNP-SNP35	-
51SNP-SNP36	T
51SNP-SNP37	-
51SNP-SNP38	-
51SNP-SNP39	-
51SNP-SNP40	G
51SNP-SNP41	-
51SNP-SNP42	C
51SNP-SNP43	C
51SNP-SNP44	C
51SNP-SNP45	A
51SNP-SNP46	C
51SNP-SNP47	-
51SNP-SNP48	-
51SNP-SNP49	-
51SNP-SNP50	G
51SNP-SNP51	-
snpit_species	M. tuberculosis
snpit_lineage	Lineage 4
snpit_sublineage	Haarlem
snpit_percent_matched	100.0
spoligotype_binary	1111111111111111111111111111111100001111111
spoligotype_octal	777777777760771
sit_number	53
snp_lineages	lineage4, lineage4.1, lineage4.1.2, lineage4.1.2.1
amr_type	NONE
amr_first_line_resistant	False
amr_second_line_group_a_resistant	False
amr_second_line_group_b_resistant	False
amr_pheno_INH	S
amr_mutations_INH_Associated_with_R	-
amr_mutations_INH_Associated_with_R_(int.)	-
amr_mutations_INH_Not_associated_with_R	mshA_N111S
amr_mutations_INH_Not_associated_with_R_(int.)	-
amr_mutations_INH_Uncertain_significance	-
amr_mutations_INH_Not_in_db.	-
amr_pheno_RIF	S
amr_mutations_RIF_Associated_with_R	-
amr_mutations_RIF_Associated_with_R_(int.)	-
amr_mutations_RIF_Not_associated_with_R	rpoC_G594E
amr_mutations_RIF_Not_associated_with_R_(int.)	-
amr_mutations_RIF_Uncertain_significance	-
amr_mutations_RIF_Not_in_db.	-
amr_pheno_LEV	S
amr_mutations_LEV_Associated_with_R	-
amr_mutations_LEV_Associated_with_R_(int.)	-
amr_mutations_LEV_Not_associated_with_R	gyrA_E21Q, gyrA_S95T, gyrA_G668D
amr_mutations_LEV_Not_associated_with_R_(int.)	-
amr_mutations_LEV_Uncertain_significance	-
amr_mutations_LEV_Not_in_db.	-
amr_pheno_MXF	S
amr_mutations_MXF_Associated_with_R	-
amr_mutations_MXF_Associated_with_R_(int.)	-
amr_mutations_MXF_Not_associated_with_R	gyrA_E21Q, gyrA_S95T, gyrA_G668D
amr_mutations_MXF_Not_associated_with_R_(int.)	-
amr_mutations_MXF_Uncertain_significance	-
amr_mutations_MXF_Not_in_db.	-
amr_pheno_AMI	S
amr_mutations_AMI_Associated_with_R	-
amr_mutations_AMI_Associated_with_R_(int.)	-
amr_mutations_AMI_Not_associated_with_R	prom_rrs_c(-187)t, prom_whiB6_gc(-74)g
amr_mutations_AMI_Not_associated_with_R_(int.)	-
amr_mutations_AMI_Uncertain_significance	-
amr_mutations_AMI_Not_in_db.	-
amr_pheno_CAP	S
amr_mutations_CAP_Associated_with_R	-
amr_mutations_CAP_Associated_with_R_(int.)	-
amr_mutations_CAP_Not_associated_with_R	prom_rrs_c(-187)t, prom_whiB6_gc(-74)g
amr_mutations_CAP_Not_associated_with_R_(int.)	-
amr_mutations_CAP_Uncertain_significance	-
amr_mutations_CAP_Not_in_db.	-
amr_pheno_KAN	S
amr_mutations_KAN_Associated_with_R	-
amr_mutations_KAN_Associated_with_R_(int.)	-
amr_mutations_KAN_Not_associated_with_R	prom_rrs_c(-187)t
amr_mutations_KAN_Not_associated_with_R_(int.)	-
amr_mutations_KAN_Uncertain_significance	-
amr_mutations_KAN_Not_in_db.	-
amr_pheno_STM	S
amr_mutations_STM_Associated_with_R	-
amr_mutations_STM_Associated_with_R_(int.)	-
amr_mutations_STM_Not_associated_with_R	prom_rpsL_t(-165)c, prom_rrs_c(-187)t, prom_whiB6_gc(-74)g
amr_mutations_STM_Not_associated_with_R_(int.)	-
amr_mutations_STM_Uncertain_significance	-
amr_mutations_STM_Not_in_db.	-
amr_pheno_ETH	S
amr_mutations_ETH_Associated_with_R	-
amr_mutations_ETH_Associated_with_R_(int.)	-
amr_mutations_ETH_Not_associated_with_R	-
amr_mutations_ETH_Not_associated_with_R_(int.)	-
amr_mutations_ETH_Uncertain_significance	mshA_N111S
amr_mutations_ETH_Not_in_db.	-
amr_pheno_PZA	S
amr_mutations_PZA_Associated_with_R	-
amr_mutations_PZA_Associated_with_R_(int.)	-
amr_mutations_PZA_Not_associated_with_R	-
amr_mutations_PZA_Not_associated_with_R_(int.)	-
amr_mutations_PZA_Uncertain_significance	-
amr_mutations_PZA_Not_in_db.	-
amr_pheno_BDQ	S
amr_mutations_BDQ_Associated_with_R	-
amr_mutations_BDQ_Associated_with_R_(int.)	-
amr_mutations_BDQ_Not_associated_with_R	mmpL5_I948V, prom_Rv1979c_t(-129)c
amr_mutations_BDQ_Not_associated_with_R_(int.)	-
amr_mutations_BDQ_Uncertain_significance	-
amr_mutations_BDQ_Not_in_db.	-
amr_pheno_CFZ	S
amr_mutations_CFZ_Associated_with_R	-
amr_mutations_CFZ_Associated_with_R_(int.)	-
amr_mutations_CFZ_Not_associated_with_R	mmpL5_I948V, prom_Rv1979c_t(-129)c
amr_mutations_CFZ_Not_associated_with_R_(int.)	-
amr_mutations_CFZ_Uncertain_significance	-
amr_mutations_CFZ_Not_in_db.	-
amr_pheno_DLM	S
amr_mutations_DLM_Associated_with_R	-
amr_mutations_DLM_Associated_with_R_(int.)	-
amr_mutations_DLM_Not_associated_with_R	-
amr_mutations_DLM_Not_associated_with_R_(int.)	-
amr_mutations_DLM_Uncertain_significance	fgd1_K270M
amr_mutations_DLM_Not_in_db.	-
amr_pheno_EMB	S
amr_mutations_EMB_Associated_with_R	-
amr_mutations_EMB_Associated_with_R_(int.)	-
amr_mutations_EMB_Not_associated_with_R	prom_embC_c(-565)t, embC_V981L
amr_mutations_EMB_Not_associated_with_R_(int.)	-
amr_mutations_EMB_Uncertain_significance	-
amr_mutations_EMB_Not_in_db.	-
amr_pheno_LZD	S
amr_mutations_LZD_Associated_with_R	-
amr_mutations_LZD_Associated_with_R_(int.)	-
amr_mutations_LZD_Not_associated_with_R	prom_rrs_c(-187)t
amr_mutations_LZD_Not_associated_with_R_(int.)	-
amr_mutations_LZD_Uncertain_significance	-
amr_mutations_LZD_Not_in_db.	-
amr_pheno_DCS	S
amr_mutations_DCS_Associated_with_R	-
amr_mutations_DCS_Associated_with_R_(int.)	-
amr_mutations_DCS_Not_associated_with_R	-
amr_mutations_DCS_Not_associated_with_R_(int.)	-
amr_mutations_DCS_Uncertain_significance	-
amr_mutations_DCS_Not_in_db.	-
amr_pheno_EFF	S
amr_mutations_EFF_Associated_with_R	-
amr_mutations_EFF_Associated_with_R_(int.)	-
amr_mutations_EFF_Not_associated_with_R	-
amr_mutations_EFF_Not_associated_with_R_(int.)	-
amr_mutations_EFF_Uncertain_significance	-
amr_mutations_EFF_Not_in_db.	-
amr_pheno_PAS	S
amr_mutations_PAS_Associated_with_R	-
amr_mutations_PAS_Associated_with_R_(int.)	-
amr_mutations_PAS_Not_associated_with_R	-
amr_mutations_PAS_Not_associated_with_R_(int.)	-
amr_mutations_PAS_Uncertain_significance	-
amr_mutations_PAS_Not_in_db.	-
amr_pheno_RBT	S
amr_mutations_RBT_Associated_with_R	-
amr_mutations_RBT_Associated_with_R_(int.)	-
amr_mutations_RBT_Not_associated_with_R	-
amr_mutations_RBT_Not_associated_with_R_(int.)	-
amr_mutations_RBT_Uncertain_significance	-
amr_mutations_RBT_Not_in_db.	-
mlst-ST	215
mlst-species
mlst-percent_detected	100.0
mlst-S14Z	S14Z,17,100.00,186/186,DNA
mlst-L35	L35,15,100.00,195/195,DNA
mlst-S19	S19,20,100.00,282/282,DNA
mlst-L19	L19,19,100.00,342/342,DNA
mlst-S12	S12,20,100.00,375/375,DNA
mlst-S8	S8,18,100.00,399/399,DNA
mlst-L16	L16,22,100.00,417/417,DNA
mlst-S7	S7,19,100.00,471/471,DNA
cgmlst-MYCO000001	MYCO000001,1,100.00,1524/1524,DNA
cgmlst-MYCO000005	MYCO000005,1,99.95,2028/2028,DNA
cgmlst-MYCO000006	MYCO000006,2,100.00,2517/2517,DNA
cgmlst-MYCO000009	MYCO000009,1,100.00,549/549,DNA
cgmlst-MYCO000011	MYCO000011,1,100.00,282/282,DNA
cgmlst-MYCO000013	MYCO000013,1,100.00,699/699,DNA
cgmlst-MYCO000015	MYCO000015,1,100.00,1296/1296,DNA
cgmlst-MYCO000016	MYCO000016,1,100.00,1476/1476,DNA
cgmlst-MYCO000017	MYCO000017,1,100.00,1410/1410,DNA
cgmlst-MYCO000019	MYCO000019,1,100.00,468/468,DNA
cgmlst-MYCO000038	MYCO000038,1,100.00,609/609,DNA
cgmlst-MYCO000046	MYCO000046,2,100.00,1104/1104,DNA
cgmlst-MYCO000047	MYCO000047,1,100.00,543/543,DNA
cgmlst-MYCO000049	MYCO000049,1,100.00,414/414,DNA
cgmlst-MYCO000050	MYCO000050,9,100.00,2037/2037,DNA
cgmlst-MYCO000051	MYCO000051,1,100.00,1683/1683,DNA
cgmlst-MYCO000054	MYCO000054,1,100.00,495/495,DNA
cgmlst-MYCO000066	MYCO000066,1,100.00,2238/2238,DNA
cgmlst-MYCO000068	MYCO000068,2,100.00,912/912,DNA
cgmlst-MYCO000129	MYCO000129,1,100.00,1023/1023,DNA
cgmlst-MYCO000183	MYCO000183,1,100.00,840/840,DNA
cgmlst-MYCO000184	MYCO000184,1,100.00,750/750,DNA
cgmlst-MYCO000189	MYCO000189,?,-,-,DNA
cgmlst-MYCO000198	MYCO000198,1,100.00,1992/1992,DNA
cgmlst-MYCO000204	MYCO000204,1,100.00,1239/1239,DNA
cgmlst-MYCO000207	MYCO000207,1,100.00,729/729,DNA
cgmlst-MYCO000211	MYCO000211,1,100.00,1821/1821,DNA
cgmlst-MYCO000223	MYCO000223,1,100.00,1464/1464,DNA
cgmlst-MYCO000225	MYCO000225,1,100.00,1155/1155,DNA
cgmlst-MYCO000227	MYCO000227,1,100.00,1266/1266,DNA
cgmlst-MYCO000228	MYCO000228,1,100.00,1224/1224,DNA
cgmlst-MYCO000236	MYCO000236,2,100.00,4203/4203,DNA
cgmlst-MYCO000237	MYCO000237,1,100.00,1167/1167,DNA
cgmlst-MYCO000238	MYCO000238,1,100.00,615/615,DNA
cgmlst-MYCO000241	MYCO000241,1,100.00,843/843,DNA
cgmlst-MYCO000242	MYCO000242,1,100.00,1365/1365,DNA
cgmlst-MYCO000243	MYCO000243,1,100.00,1323/1323,DNA
cgmlst-MYCO000244	MYCO000244,1,100.00,1836/1836,DNA
cgmlst-MYCO000247	MYCO000247,1,100.00,747/747,DNA
cgmlst-MYCO000248	MYCO000248,1,100.00,1941/1941,DNA
cgmlst-MYCO000270	MYCO000270,23,100.00,1683/1683,DNA
cgmlst-MYCO000274	MYCO000274,1,100.00,582/582,DNA
cgmlst-MYCO000321	MYCO000321,1,100.00,573/573,DNA
cgmlst-MYCO000322	MYCO000322,1,100.00,1332/1332,DNA
cgmlst-MYCO000334	MYCO000334,1,100.00,867/867,DNA
cgmlst-MYCO000337	MYCO000337,1,100.00,1290/1290,DNA
cgmlst-MYCO000350	MYCO000350,2,100.00,1878/1878,DNA
cgmlst-MYCO000352	MYCO000352,1,100.00,1188/1188,DNA
cgmlst-MYCO000357	MYCO000357,1,100.00,1299/1299,DNA
cgmlst-MYCO000360	MYCO000360,1,100.00,438/438,DNA
cgmlst-MYCO000383	MYCO000383,1,100.00,855/855,DNA
cgmlst-MYCO000384	MYCO000384,1,100.00,2547/2547,DNA
cgmlst-MYCO000407	MYCO000407,3,100.00,1011/1011,DNA
cgmlst-MYCO000410	MYCO000410,1,100.00,2253/2253,DNA
cgmlst-MYCO000411	MYCO000411,1,100.00,987/987,DNA
cgmlst-MYCO000414	MYCO000414,1,100.00,669/669,DNA
cgmlst-MYCO000415	MYCO000415,1,100.00,1023/1023,DNA
cgmlst-MYCO000417	MYCO000417,2,100.00,759/759,DNA
cgmlst-MYCO000423	MYCO000423,1,100.00,1644/1644,DNA
cgmlst-MYCO000429	MYCO000429,1,100.00,594/594,DNA
cgmlst-MYCO000432	MYCO000432,1,100.00,723/723,DNA
cgmlst-MYCO000433	MYCO000433,1,100.00,1131/1131,DNA
cgmlst-MYCO000439	MYCO000439,1,100.00,936/936,DNA
cgmlst-MYCO000440	MYCO000440,1,100.00,1623/1623,DNA
cgmlst-MYCO000462	MYCO000462,1,100.00,1395/1395,DNA
cgmlst-MYCO000465	MYCO000465,1,100.00,1425/1425,DNA
cgmlst-MYCO000466	MYCO000466,1,100.00,795/795,DNA
cgmlst-MYCO000467	MYCO000467,1,100.00,1287/1287,DNA
cgmlst-MYCO000468	MYCO000468,1,100.00,861/861,DNA
cgmlst-MYCO000472	MYCO000472,1,99.86,705/705,DNA
cgmlst-MYCO000475	MYCO000475,1,100.00,600/600,DNA
cgmlst-MYCO000483	MYCO000483,1,100.00,1356/1356,DNA
cgmlst-MYCO000484	MYCO000484,2,100.00,756/756,DNA
cgmlst-MYCO000486	MYCO000486,2,100.00,1443/1443,DNA
cgmlst-MYCO000489	MYCO000489,1,100.00,750/750,DNA
cgmlst-MYCO000490	MYCO000490,1,100.00,1233/1233,DNA
cgmlst-MYCO000491	MYCO000491,1,100.00,684/684,DNA
cgmlst-MYCO000495	MYCO000495,1,100.00,891/891,DNA
cgmlst-MYCO000496	MYCO000496,1,100.00,987/987,DNA
cgmlst-MYCO000498	MYCO000498,1,100.00,843/843,DNA
cgmlst-MYCO000501	MYCO000501,1,100.00,1131/1131,DNA
cgmlst-MYCO000502	MYCO000502,1,100.00,1077/1077,DNA
cgmlst-MYCO000505	MYCO000505,1,100.00,1122/1122,DNA
cgmlst-MYCO000509	MYCO000509,1,100.00,1407/1407,DNA
cgmlst-MYCO000510	MYCO000510,1,100.00,930/930,DNA
cgmlst-MYCO000512	MYCO000512,1,100.00,990/990,DNA
cgmlst-MYCO000524	MYCO000524,1,100.00,1389/1389,DNA
cgmlst-MYCO000527	MYCO000527,1,100.00,780/780,DNA
cgmlst-MYCO000528	MYCO000528,1,100.00,1590/1590,DNA
cgmlst-MYCO000529	MYCO000529,1,100.00,975/975,DNA
cgmlst-MYCO000548	MYCO000548,1,100.00,945/945,DNA
cgmlst-MYCO000551	MYCO000551,1,100.00,1716/1716,DNA
cgmlst-MYCO000553	MYCO000553,1,100.00,981/981,DNA
cgmlst-MYCO000555	MYCO000555,1,100.00,1665/1665,DNA
cgmlst-MYCO000557	MYCO000557,5,100.00,1137/1137,DNA
cgmlst-MYCO000558	MYCO000558,1,100.00,705/705,DNA
cgmlst-MYCO000562	MYCO000562,1,100.00,1008/1008,DNA
cgmlst-MYCO000563	MYCO000563,1,100.00,861/861,DNA
cgmlst-MYCO000564	MYCO000564,1,100.00,1026/1026,DNA
cgmlst-MYCO000566	MYCO000566,1,100.00,492/492,DNA
cgmlst-MYCO000636	MYCO000636,1,100.00,429/429,DNA
cgmlst-MYCO000639	MYCO000639,1,100.00,717/717,DNA
cgmlst-MYCO000647	MYCO000647,1,100.00,1467/1467,DNA
cgmlst-MYCO000655	MYCO000655,1,100.00,1080/1080,DNA
cgmlst-MYCO000667	MYCO000667,6,100.00,3519/3519,DNA
cgmlst-MYCO000668	MYCO000668,2,100.00,3951/3951,DNA
cgmlst-MYCO000672	MYCO000672,1,100.00,1629/1629,DNA
cgmlst-MYCO000684	MYCO000684,1,100.00,2106/2106,DNA
cgmlst-MYCO000685	MYCO000685,1,100.00,1191/1191,DNA
cgmlst-MYCO000693	MYCO000693,1,100.00,1176/1176,DNA
cgmlst-MYCO000696	MYCO000696,1,100.00,1413/1413,DNA
cgmlst-MYCO000732	MYCO000732,1,100.00,1326/1326,DNA
cgmlst-MYCO000733	MYCO000733,1,100.00,546/546,DNA
cgmlst-MYCO000734	MYCO000734,1,100.00,801/801,DNA
cgmlst-MYCO000757	MYCO000757,1,100.00,744/744,DNA
cgmlst-MYCO000758	MYCO000758,2,100.00,1458/1458,DNA
cgmlst-MYCO000772	MYCO000772,1,100.00,1269/1269,DNA
cgmlst-MYCO000777	MYCO000777,1,100.00,1419/1419,DNA
cgmlst-MYCO000780	MYCO000780,1,100.00,894/894,DNA
cgmlst-MYCO000782	MYCO000782,1,99.88,1661/1659,DNA
cgmlst-MYCO000788	MYCO000788,1,100.00,675/675,DNA
cgmlst-MYCO000803	MYCO000803,3,100.00,2265/2265,DNA
cgmlst-MYCO000808	MYCO000808,7,100.00,1584/1584,DNA
cgmlst-MYCO000809	MYCO000809,2,100.00,1095/1095,DNA
cgmlst-MYCO000810	MYCO000810,1,100.00,183/183,DNA
cgmlst-MYCO000820	MYCO000820,1,100.00,777/777,DNA
cgmlst-MYCO000821	MYCO000821,1,100.00,642/642,DNA
cgmlst-MYCO000823	MYCO000823,1,100.00,1170/1170,DNA
cgmlst-MYCO000824	MYCO000824,3,100.00,1017/1017,DNA
cgmlst-MYCO000859	MYCO000859,3,100.00,1212/1212,DNA
cgmlst-MYCO000860	MYCO000860,4,100.00,2163/2163,DNA
cgmlst-MYCO000861	MYCO000861,1,100.00,1629/1629,DNA
cgmlst-MYCO000871	MYCO000871,1,100.00,408/408,DNA
cgmlst-MYCO000876	MYCO000876,1,100.00,1647/1647,DNA
cgmlst-MYCO000884	MYCO000884,2,100.00,1131/1131,DNA
cgmlst-MYCO000885	MYCO000885,2,100.00,1023/1023,DNA
cgmlst-MYCO000886	MYCO000886,1,100.00,1728/1728,DNA
cgmlst-MYCO000889	MYCO000889,1,100.00,1122/1122,DNA
cgmlst-MYCO000896	MYCO000896,1,100.00,1296/1296,DNA
cgmlst-MYCO000902	MYCO000902,1,100.00,1341/1341,DNA
cgmlst-MYCO000903	MYCO000903,1,100.00,711/711,DNA
cgmlst-MYCO000906	MYCO000906,1,100.00,1119/1119,DNA
cgmlst-MYCO000926	MYCO000926,1,100.00,1077/1077,DNA
cgmlst-MYCO000927	MYCO000927,1,100.00,792/792,DNA
cgmlst-MYCO000929	MYCO000929,1,100.00,975/975,DNA
cgmlst-MYCO000946	MYCO000946,1,99.94,1662/1662,DNA
cgmlst-MYCO000949	MYCO000949,1,100.00,2316/2316,DNA
cgmlst-MYCO000951	MYCO000951,1,100.00,1164/1164,DNA
cgmlst-MYCO000952	MYCO000952,1,100.00,912/912,DNA
cgmlst-MYCO000953	MYCO000953,1,100.00,849/849,DNA
cgmlst-MYCO000957	MYCO000957,2,100.00,1572/1572,DNA
cgmlst-MYCO000981	MYCO000981,1,100.00,687/687,DNA
cgmlst-MYCO000983	MYCO000983,2,100.00,1395/1395,DNA
cgmlst-MYCO000993	MYCO000993,2,100.00,921/921,DNA
cgmlst-MYCO000994	MYCO000994,1,100.00,1281/1281,DNA
cgmlst-MYCO000995	MYCO000995,2,100.00,612/612,DNA
cgmlst-MYCO001001	MYCO001001,1,100.00,1209/1209,DNA
cgmlst-MYCO001002	MYCO001002,1,100.00,1512/1512,DNA
cgmlst-MYCO001007	MYCO001007,2,100.00,1560/1560,DNA
cgmlst-MYCO001008	MYCO001008,2,100.00,795/795,DNA
cgmlst-MYCO001009	MYCO001009,1,100.00,1089/1089,DNA
cgmlst-MYCO001010	MYCO001010,1,100.00,954/954,DNA
cgmlst-MYCO001011	MYCO001011,1,100.00,921/921,DNA
cgmlst-MYCO001013	MYCO001013,1,100.00,1635/1635,DNA
cgmlst-MYCO001014	MYCO001014,1,100.00,576/576,DNA
cgmlst-MYCO001015	MYCO001015,1,100.00,648/648,DNA
cgmlst-MYCO001017	MYCO001017,1,100.00,981/981,DNA
cgmlst-MYCO001018	MYCO001018,1,100.00,1488/1488,DNA
cgmlst-MYCO001020	MYCO001020,1,99.97,3705/3705,DNA
cgmlst-MYCO001022	MYCO001022,1,100.00,732/732,DNA
cgmlst-MYCO001023	MYCO001023,1,100.00,1290/1290,DNA
cgmlst-MYCO001026	MYCO001026,1,100.00,960/960,DNA
cgmlst-MYCO001070	MYCO001070,1,100.00,774/774,DNA
cgmlst-MYCO001071	MYCO001071,1,100.00,1038/1038,DNA
cgmlst-MYCO001072	MYCO001072,1,100.00,837/837,DNA
cgmlst-MYCO001077	MYCO001077,1,100.00,1395/1395,DNA
cgmlst-MYCO001079	MYCO001079,1,100.00,1167/1167,DNA
cgmlst-MYCO001080	MYCO001080,1,100.00,495/495,DNA
cgmlst-MYCO001082	MYCO001082,1,100.00,867/867,DNA
cgmlst-MYCO001086	MYCO001086,1,100.00,789/789,DNA
cgmlst-MYCO001092	MYCO001092,1,100.00,939/939,DNA
cgmlst-MYCO001094	MYCO001094,1,100.00,828/828,DNA
cgmlst-MYCO001095	MYCO001095,1,100.00,1302/1302,DNA
cgmlst-MYCO001098	MYCO001098,1,100.00,1425/1425,DNA
cgmlst-MYCO001099	MYCO001099,1,100.00,1089/1089,DNA
cgmlst-MYCO001108	MYCO001108,11,100.00,1248/1248,DNA
cgmlst-MYCO001110	MYCO001110,1,100.00,1008/1008,DNA
cgmlst-MYCO001112	MYCO001112,1,100.00,1074/1074,DNA
cgmlst-MYCO001165	MYCO001165,1,100.00,1887/1887,DNA
cgmlst-MYCO001173	MYCO001173,1,100.00,2571/2571,DNA
cgmlst-MYCO001177	MYCO001177,1,100.00,327/327,DNA
cgmlst-MYCO001178	MYCO001178,1,100.00,1089/1089,DNA
cgmlst-MYCO001193	MYCO001193,1,100.00,1422/1422,DNA
cgmlst-MYCO001201	MYCO001201,1,100.00,954/954,DNA
cgmlst-MYCO001202	MYCO001202,1,100.00,1065/1065,DNA
cgmlst-MYCO001207	MYCO001207,1,100.00,957/957,DNA
cgmlst-MYCO001208	MYCO001208,1,100.00,975/975,DNA
cgmlst-MYCO001213	MYCO001213,4,100.00,1215/1215,DNA
cgmlst-MYCO001220	MYCO001220,1,100.00,648/648,DNA
cgmlst-MYCO001221	MYCO001221,1,100.00,774/774,DNA
cgmlst-MYCO001223	MYCO001223,1,100.00,1587/1587,DNA
cgmlst-MYCO001229	MYCO001229,1,100.00,1173/1173,DNA
cgmlst-MYCO001238	MYCO001238,1,100.00,1182/1182,DNA
cgmlst-MYCO001239	MYCO001239,2,100.00,1101/1101,DNA
cgmlst-MYCO001245	MYCO001245,1,100.00,831/831,DNA
cgmlst-MYCO001248	MYCO001248,1,100.00,3696/3696,DNA
cgmlst-MYCO001253	MYCO001253,1,100.00,1692/1692,DNA
cgmlst-MYCO001272	MYCO001272,1,100.00,1896/1896,DNA
cgmlst-MYCO001273	MYCO001273,1,100.00,1749/1749,DNA
cgmlst-MYCO001277	MYCO001277,1,100.00,1254/1254,DNA
cgmlst-MYCO001292	MYCO001292,1,100.00,1653/1653,DNA
cgmlst-MYCO001293	MYCO001293,1,100.00,1344/1344,DNA
cgmlst-MYCO001294	MYCO001294,1,100.00,1326/1326,DNA
cgmlst-MYCO001295	MYCO001295,1,100.00,1083/1083,DNA
cgmlst-MYCO001297	MYCO001297,1,100.00,1809/1809,DNA
cgmlst-MYCO001299	MYCO001299,1,100.00,1074/1074,DNA
cgmlst-MYCO001302	MYCO001302,1,100.00,1215/1215,DNA
cgmlst-MYCO001305	MYCO001305,1,100.00,246/246,DNA
cgmlst-MYCO001308	MYCO001308,1,100.00,1650/1650,DNA
cgmlst-MYCO001309	MYCO001309,1,100.00,918/918,DNA
cgmlst-MYCO001310	MYCO001310,1,100.00,1461/1461,DNA
cgmlst-MYCO001311	MYCO001311,1,100.00,366/366,DNA
cgmlst-MYCO001315	MYCO001315,1,100.00,1257/1257,DNA
cgmlst-MYCO001321	MYCO001321,2,100.00,681/681,DNA
cgmlst-MYCO001323	MYCO001323,110,97.09,721/1191,DNA
cgmlst-MYCO001326	MYCO001326,1,100.00,2196/2196,DNA
cgmlst-MYCO001327	MYCO001327,1,100.00,2106/2106,DNA
cgmlst-MYCO001328	MYCO001328,2,100.00,2592/2592,DNA
cgmlst-MYCO001338	MYCO001338,1,100.00,816/816,DNA
cgmlst-MYCO001340	MYCO001340,1,100.00,780/780,DNA
cgmlst-MYCO001380	MYCO001380,1,100.00,960/960,DNA
cgmlst-MYCO001381	MYCO001381,1,100.00,1293/1293,DNA
cgmlst-MYCO001383	MYCO001383,1,100.00,1131/1131,DNA
cgmlst-MYCO001384	MYCO001384,?,-,-,DNA
cgmlst-MYCO001385	MYCO001385,1,100.00,825/825,DNA
cgmlst-MYCO001388	MYCO001388,2,100.00,573/573,DNA
cgmlst-MYCO001390	MYCO001390,1,100.00,333/333,DNA
cgmlst-MYCO001391	MYCO001391,1,99.92,1257/1257,DNA
cgmlst-MYCO001392	MYCO001392,1,100.00,1212/1212,DNA
cgmlst-MYCO001402	MYCO001402,1,99.95,1968/1968,DNA
cgmlst-MYCO001407	MYCO001407,1,100.00,1374/1374,DNA
cgmlst-MYCO001408	MYCO001408,1,100.00,699/699,DNA
cgmlst-MYCO001410	MYCO001410,1,100.00,1557/1557,DNA
cgmlst-MYCO001412	MYCO001412,2,100.00,606/606,DNA
cgmlst-MYCO001415	MYCO001415,1,100.00,1278/1278,DNA
cgmlst-MYCO001416	MYCO001416,1,100.00,483/483,DNA
cgmlst-MYCO001420	MYCO001420,1,100.00,1941/1941,DNA
cgmlst-MYCO001421	MYCO001421,1,100.00,906/906,DNA
cgmlst-MYCO001436	MYCO001436,1,100.00,1020/1020,DNA
cgmlst-MYCO001437	MYCO001437,1,100.00,1239/1239,DNA
cgmlst-MYCO001438	MYCO001438,1,100.00,786/786,DNA
cgmlst-MYCO001440	MYCO001440,1,100.00,234/234,DNA
cgmlst-MYCO001445	MYCO001445,1,100.00,744/744,DNA
cgmlst-MYCO001447	MYCO001447,1,100.00,1545/1545,DNA
cgmlst-MYCO001448	MYCO001448,2,100.00,1122/1122,DNA
cgmlst-MYCO001449	MYCO001449,2,100.00,2103/2103,DNA
cgmlst-MYCO001451	MYCO001451,1,100.00,927/927,DNA
cgmlst-MYCO001457	MYCO001457,1,100.00,786/786,DNA
cgmlst-MYCO001458	MYCO001458,1,100.00,942/942,DNA
cgmlst-MYCO001462	MYCO001462,2,100.00,1194/1194,DNA
cgmlst-MYCO001463	MYCO001463,1,100.00,801/801,DNA
cgmlst-MYCO001464	MYCO001464,1,100.00,1254/1254,DNA
cgmlst-MYCO001465	MYCO001465,1,100.00,489/489,DNA
cgmlst-MYCO001466	MYCO001466,1,100.00,348/348,DNA
cgmlst-MYCO001467	MYCO001467,1,100.00,1830/1830,DNA
cgmlst-MYCO001473	MYCO001473,1,100.00,1629/1629,DNA
cgmlst-MYCO001474	MYCO001474,1,99.82,564/564,DNA
cgmlst-MYCO001475	MYCO001475,1,100.00,2832/2832,DNA
cgmlst-MYCO001479	MYCO001479,2,100.00,1134/1134,DNA
cgmlst-MYCO001480	MYCO001480,1,100.00,954/954,DNA
cgmlst-MYCO001481	MYCO001481,1,100.00,1008/1008,DNA
cgmlst-MYCO001483	MYCO001483,1,100.00,744/744,DNA
cgmlst-MYCO001484	MYCO001484,1,100.00,810/810,DNA
cgmlst-MYCO001485	MYCO001485,1,100.00,1035/1035,DNA
cgmlst-MYCO001493	MYCO001493,1,100.00,2253/2253,DNA
cgmlst-MYCO001536	MYCO001536,1,100.00,3126/3126,DNA
cgmlst-MYCO001540	MYCO001540,1,100.00,927/927,DNA
cgmlst-MYCO001547	MYCO001547,1,100.00,3555/3555,DNA
cgmlst-MYCO001557	MYCO001557,1,100.00,1194/1194,DNA
cgmlst-MYCO001559	MYCO001559,1,100.00,1290/1290,DNA
cgmlst-MYCO001564	MYCO001564,1,100.00,2166/2166,DNA
cgmlst-MYCO001568	MYCO001568,1,100.00,1314/1314,DNA
cgmlst-MYCO001569	MYCO001569,1,100.00,1161/1161,DNA
cgmlst-MYCO001589	MYCO001589,1,100.00,1050/1050,DNA
cgmlst-MYCO001593	MYCO001593,1,100.00,711/711,DNA
cgmlst-MYCO001594	MYCO001594,1,100.00,1050/1050,DNA
cgmlst-MYCO001595	MYCO001595,1,100.00,1584/1584,DNA
cgmlst-MYCO001599	MYCO001599,1,100.00,1317/1317,DNA
cgmlst-MYCO001600	MYCO001600,1,100.00,1143/1143,DNA
cgmlst-MYCO001601	MYCO001601,1,100.00,633/633,DNA
cgmlst-MYCO001603	MYCO001603,1,100.00,738/738,DNA
cgmlst-MYCO001605	MYCO001605,1,100.00,804/804,DNA
cgmlst-MYCO001609	MYCO001609,1,100.00,1551/1551,DNA
cgmlst-MYCO001611	MYCO001611,1,100.00,819/819,DNA
cgmlst-MYCO001612	MYCO001612,1,100.00,1233/1233,DNA
cgmlst-MYCO001617	MYCO001617,1,99.93,1419/1419,DNA
cgmlst-MYCO001626	MYCO001626,1,100.00,618/618,DNA
cgmlst-MYCO001627	MYCO001627,1,100.00,1209/1209,DNA
cgmlst-MYCO001629	MYCO001629,1,100.00,2715/2715,DNA
cgmlst-MYCO001633	MYCO001633,1,100.00,2097/2097,DNA
cgmlst-MYCO001638	MYCO001638,1,100.00,2919/2919,DNA
cgmlst-MYCO001641	MYCO001641,1,100.00,606/606,DNA
cgmlst-MYCO001649	MYCO001649,1,100.00,1026/1026,DNA
cgmlst-MYCO001652	MYCO001652,2,100.00,1059/1059,DNA
cgmlst-MYCO001653	MYCO001653,1,100.00,1215/1215,DNA
cgmlst-MYCO001654	MYCO001654,1,100.00,885/885,DNA
cgmlst-MYCO001655	MYCO001655,1,100.00,1203/1203,DNA
cgmlst-MYCO001656	MYCO001656,1,100.00,924/924,DNA
cgmlst-MYCO001657	MYCO001657,1,100.00,513/513,DNA
cgmlst-MYCO001658	MYCO001658,1,100.00,1197/1197,DNA
cgmlst-MYCO001659	MYCO001659,1,100.00,1413/1413,DNA
cgmlst-MYCO001689	MYCO001689,3,100.00,1275/1275,DNA
cgmlst-MYCO001694	MYCO001694,2,100.00,807/807,DNA
cgmlst-MYCO001695	MYCO001695,1,100.00,924/924,DNA
cgmlst-MYCO001697	MYCO001697,1,100.00,1182/1182,DNA
cgmlst-MYCO001699	MYCO001699,1,100.00,1761/1761,DNA
cgmlst-MYCO001701	MYCO001701,1,100.00,936/936,DNA
cgmlst-MYCO001708	MYCO001708,1,100.00,957/957,DNA
cgmlst-MYCO001709	MYCO001709,1,100.00,837/837,DNA
cgmlst-MYCO001711	MYCO001711,1,99.87,765/765,DNA
cgmlst-MYCO001712	MYCO001712,1,100.00,693/693,DNA
cgmlst-MYCO001713	MYCO001713,1,100.00,1392/1392,DNA
cgmlst-MYCO001821	MYCO001821,3,100.00,2427/2427,DNA
cgmlst-MYCO001827	MYCO001827,1,100.00,489/489,DNA
cgmlst-MYCO001829	MYCO001829,1,100.00,495/495,DNA
cgmlst-MYCO001830	MYCO001830,1,100.00,678/678,DNA
cgmlst-MYCO001832	MYCO001832,1,100.00,2826/2826,DNA
cgmlst-MYCO001837	MYCO001837,1,100.00,2226/2226,DNA
cgmlst-MYCO001842	MYCO001842,1,100.00,1368/1368,DNA
cgmlst-MYCO001843	MYCO001843,1,100.00,1440/1440,DNA
cgmlst-MYCO001844	MYCO001844,2,100.00,1452/1452,DNA
cgmlst-MYCO001854	MYCO001854,1,100.00,1392/1392,DNA
cgmlst-MYCO001886	MYCO001886,1,100.00,978/978,DNA
cgmlst-MYCO001894	MYCO001894,1,100.00,1131/1131,DNA
cgmlst-MYCO001981	MYCO001981,1,100.00,969/969,DNA
cgmlst-MYCO002050	MYCO002050,1,100.00,336/336,DNA
cgmlst-MYCO002089	MYCO002089,1,100.00,1128/1128,DNA
cgmlst-MYCO002090	MYCO002090,?,-,-,DNA
cgmlst-MYCO002092	MYCO002092,1,100.00,2721/2721,DNA
cgmlst-MYCO002093	MYCO002093,1,100.00,927/927,DNA
cgmlst-MYCO002096	MYCO002096,1,100.00,999/999,DNA
cgmlst-MYCO002097	MYCO002097,1,100.00,1359/1359,DNA
cgmlst-MYCO002109	MYCO002109,4,100.00,747/747,DNA
cgmlst-MYCO002110	MYCO002110,1,100.00,876/876,DNA
cgmlst-MYCO002111	MYCO002111,1,100.00,195/195,DNA
cgmlst-MYCO002112	MYCO002112,3,100.00,1656/1665,DNA
cgmlst-MYCO002115	MYCO002115,1,100.00,1830/1830,DNA
cgmlst-MYCO002118	MYCO002118,1,100.00,843/843,DNA
cgmlst-MYCO002119	MYCO002119,1,100.00,837/837,DNA
cgmlst-MYCO002121	MYCO002121,1,100.00,855/855,DNA
cgmlst-MYCO002122	MYCO002122,1,100.00,282/282,DNA
cgmlst-MYCO002125	MYCO002125,2,100.00,879/879,DNA
cgmlst-MYCO002130	MYCO002130,1,100.00,1245/1245,DNA
cgmlst-MYCO002134	MYCO002134,1,100.00,588/588,DNA
cgmlst-MYCO002139	MYCO002139,1,100.00,1074/1074,DNA
cgmlst-MYCO002140	MYCO002140,1,100.00,531/531,DNA
cgmlst-MYCO002141	MYCO002141,1,100.00,1347/1347,DNA
cgmlst-MYCO002145	MYCO002145,1,100.00,783/783,DNA
cgmlst-MYCO002150	MYCO002150,1,100.00,1140/1140,DNA
cgmlst-MYCO002151	MYCO002151,1,100.00,945/945,DNA
cgmlst-MYCO002153	MYCO002153,1,100.00,1233/1233,DNA
cgmlst-MYCO002154	MYCO002154,1,100.00,1575/1575,DNA
cgmlst-MYCO002155	MYCO002155,2,100.00,1461/1461,DNA
cgmlst-MYCO002156	MYCO002156,1,100.00,1080/1080,DNA
cgmlst-MYCO002157	MYCO002157,1,100.00,1533/1533,DNA
cgmlst-MYCO002163	MYCO002163,1,100.00,2040/2040,DNA
cgmlst-MYCO002166	MYCO002166,1,100.00,432/432,DNA
cgmlst-MYCO002170	MYCO002170,1,100.00,621/621,DNA
cgmlst-MYCO002176	MYCO002176,1,100.00,1200/1200,DNA
cgmlst-MYCO002178	MYCO002178,3,100.00,1389/1389,DNA
cgmlst-MYCO002179	MYCO002179,1,100.00,507/507,DNA
cgmlst-MYCO002182	MYCO002182,1,100.00,744/744,DNA
cgmlst-MYCO002186	MYCO002186,1,100.00,390/390,DNA
cgmlst-MYCO002187	MYCO002187,1,100.00,1803/1803,DNA
cgmlst-MYCO002188	MYCO002188,1,100.00,1158/1158,DNA
cgmlst-MYCO002192	MYCO002192,1,100.00,1113/1113,DNA
cgmlst-MYCO002193	MYCO002193,1,100.00,612/612,DNA
cgmlst-MYCO002194	MYCO002194,1,100.00,843/843,DNA
cgmlst-MYCO002195	MYCO002195,1,100.00,1290/1290,DNA
cgmlst-MYCO002196	MYCO002196,1,100.00,1650/1650,DNA
cgmlst-MYCO002199	MYCO002199,1,100.00,420/420,DNA
cgmlst-MYCO002200	MYCO002200,1,100.00,1092/1092,DNA
cgmlst-MYCO002201	MYCO002201,1,100.00,1959/1959,DNA
cgmlst-MYCO002202	MYCO002202,1,100.00,975/975,DNA
cgmlst-MYCO002210	MYCO002210,1,100.00,1107/1107,DNA
cgmlst-MYCO002211	MYCO002211,1,100.00,1140/1140,DNA
cgmlst-MYCO002213	MYCO002213,1,100.00,1548/1548,DNA
cgmlst-MYCO002216	MYCO002216,1,100.00,906/906,DNA
cgmlst-MYCO002217	MYCO002217,1,100.00,693/693,DNA
cgmlst-MYCO002218	MYCO002218,1,100.00,936/936,DNA
cgmlst-MYCO002219	MYCO002219,1,100.00,753/753,DNA
cgmlst-MYCO002220	MYCO002220,1,100.00,1437/1437,DNA
cgmlst-MYCO002221	MYCO002221,1,100.00,2985/2985,DNA
cgmlst-MYCO002222	MYCO002222,1,100.00,1341/1341,DNA
cgmlst-MYCO002225	MYCO002225,1,99.88,846/846,DNA
cgmlst-MYCO002228	MYCO002228,1,100.00,1095/1095,DNA
cgmlst-MYCO002230	MYCO002230,1,100.00,1140/1140,DNA
cgmlst-MYCO002235	MYCO002235,1,100.00,816/816,DNA
cgmlst-MYCO002239	MYCO002239,1,100.00,477/477,DNA
cgmlst-MYCO002241	MYCO002241,1,100.00,2706/2706,DNA
cgmlst-MYCO002242	MYCO002242,1,100.00,1245/1245,DNA
cgmlst-MYCO002243	MYCO002243,1,100.00,909/909,DNA
cgmlst-MYCO002244	MYCO002244,2,100.00,348/348,DNA
cgmlst-MYCO002245	MYCO002245,1,100.00,1251/1251,DNA
cgmlst-MYCO002246	MYCO002246,1,100.00,1317/1317,DNA
cgmlst-MYCO002247	MYCO002247,2,100.00,1422/1422,DNA
cgmlst-MYCO002257	MYCO002257,1,100.00,819/819,DNA
cgmlst-MYCO002259	MYCO002259,1,100.00,1086/1086,DNA
cgmlst-MYCO002315	MYCO002315,1,100.00,1518/1518,DNA
cgmlst-MYCO002343	MYCO002343,1,100.00,1920/1920,DNA
cgmlst-MYCO002344	MYCO002344,1,100.00,1296/1296,DNA
cgmlst-MYCO002357	MYCO002357,1,100.00,1392/1392,DNA
cgmlst-MYCO002361	MYCO002361,1,100.00,891/891,DNA
cgmlst-MYCO002362	MYCO002362,1,100.00,798/798,DNA
cgmlst-MYCO002364	MYCO002364,1,100.00,903/903,DNA
cgmlst-MYCO002366	MYCO002366,1,100.00,1308/1308,DNA
cgmlst-MYCO002367	MYCO002367,1,100.00,549/549,DNA
cgmlst-MYCO002368	MYCO002368,1,100.00,1059/1059,DNA
cgmlst-MYCO002373	MYCO002373,1,100.00,1149/1149,DNA
cgmlst-MYCO002374	MYCO002374,1,100.00,1032/1032,DNA
cgmlst-MYCO002399	MYCO002399,1,100.00,852/852,DNA
cgmlst-MYCO002400	MYCO002400,1,100.00,1071/1071,DNA
cgmlst-MYCO002402	MYCO002402,2,100.00,1929/1929,DNA
cgmlst-MYCO002404	MYCO002404,1,100.00,1962/1962,DNA
cgmlst-MYCO002409	MYCO002409,1,100.00,840/840,DNA
cgmlst-MYCO002410	MYCO002410,1,100.00,978/978,DNA
cgmlst-MYCO002411	MYCO002411,1,100.00,1656/1656,DNA
cgmlst-MYCO002413	MYCO002413,1,100.00,951/951,DNA
cgmlst-MYCO002420	MYCO002420,1,100.00,381/381,DNA
cgmlst-MYCO002421	MYCO002421,1,100.00,636/636,DNA
cgmlst-MYCO002425	MYCO002425,1,100.00,1443/1443,DNA
cgmlst-MYCO002426	MYCO002426,1,100.00,876/876,DNA
cgmlst-MYCO002427	MYCO002427,4,100.00,1248/1248,DNA
cgmlst-MYCO002439	MYCO002439,2,100.00,1131/1131,DNA
cgmlst-MYCO002440	MYCO002440,2,100.00,1440/1440,DNA
cgmlst-MYCO002445	MYCO002445,1,100.00,411/411,DNA
cgmlst-MYCO002447	MYCO002447,1,99.93,1464/1464,DNA
cgmlst-MYCO002448	MYCO002448,1,100.00,2631/2631,DNA
cgmlst-MYCO002454	MYCO002454,1,100.00,1122/1122,DNA
cgmlst-MYCO002455	MYCO002455,1,100.00,1962/1962,DNA
cgmlst-MYCO002457	MYCO002457,4,100.00,1281/1281,DNA
cgmlst-MYCO002460	MYCO002460,1,100.00,645/645,DNA
cgmlst-MYCO002461	MYCO002461,1,100.00,603/603,DNA
cgmlst-MYCO002462	MYCO002462,1,100.00,1401/1401,DNA
cgmlst-MYCO002465	MYCO002465,1,100.00,489/489,DNA
cgmlst-MYCO002466	MYCO002466,1,100.00,624/624,DNA
cgmlst-MYCO002467	MYCO002467,1,100.00,2586/2586,DNA
cgmlst-MYCO002470	MYCO002470,1,100.00,387/387,DNA
cgmlst-MYCO002477	MYCO002477,1,100.00,1677/1677,DNA
cgmlst-MYCO002500	MYCO002500,1,100.00,1185/1185,DNA
cgmlst-MYCO002502	MYCO002502,1,100.00,1590/1590,DNA
cgmlst-MYCO002509	MYCO002509,1,100.00,807/807,DNA
cgmlst-MYCO002511	MYCO002511,1,100.00,648/648,DNA
cgmlst-MYCO002518	MYCO002518,1,100.00,1227/1227,DNA
cgmlst-MYCO002521	MYCO002521,1,100.00,474/474,DNA
cgmlst-MYCO002523	MYCO002523,1,100.00,393/393,DNA
cgmlst-MYCO002524	MYCO002524,1,100.00,9210/9210,DNA
cgmlst-MYCO002533	MYCO002533,1,100.00,471/471,DNA
cgmlst-MYCO002534	MYCO002534,1,100.00,564/564,DNA
cgmlst-MYCO002538	MYCO002538,1,100.00,1089/1089,DNA
cgmlst-MYCO002540	MYCO002540,1,100.00,1206/1206,DNA
cgmlst-MYCO002555	MYCO002555,1,100.00,2715/2715,DNA
cgmlst-MYCO002559	MYCO002559,1,100.00,1359/1359,DNA
cgmlst-MYCO002568	MYCO002568,1,100.00,1026/1026,DNA
cgmlst-MYCO002572	MYCO002572,1,100.00,1791/1791,DNA
cgmlst-MYCO002575	MYCO002575,1,100.00,882/882,DNA
cgmlst-MYCO002580	MYCO002580,1,100.00,1272/1272,DNA
cgmlst-MYCO002582	MYCO002582,2,100.00,927/927,DNA
cgmlst-MYCO002583	MYCO002583,1,100.00,2373/2373,DNA
cgmlst-MYCO002587	MYCO002587,1,100.00,1722/1722,DNA
cgmlst-MYCO002589	MYCO002589,1,100.00,1350/1350,DNA
cgmlst-MYCO002592	MYCO002592,2,100.00,1035/1035,DNA
cgmlst-MYCO002593	MYCO002593,1,100.00,591/591,DNA
cgmlst-MYCO002594	MYCO002594,1,100.00,567/567,DNA
cgmlst-MYCO002603	MYCO002603,1,100.00,756/756,DNA
cgmlst-MYCO002606	MYCO002606,1,100.00,900/900,DNA
cgmlst-MYCO002610	MYCO002610,1,100.00,1137/1137,DNA
cgmlst-MYCO002611	MYCO002611,2,100.00,951/951,DNA
cgmlst-MYCO002612	MYCO002612,1,100.00,654/654,DNA
cgmlst-MYCO002613	MYCO002613,1,100.00,588/588,DNA
cgmlst-MYCO002614	MYCO002614,1,100.00,2079/2079,DNA
cgmlst-MYCO002670	MYCO002670,1,100.00,1110/1110,DNA
cgmlst-MYCO002673	MYCO002673,1,100.00,1302/1302,DNA
cgmlst-MYCO002676	MYCO002676,1,100.00,696/696,DNA
cgmlst-MYCO002678	MYCO002678,1,100.00,1074/1074,DNA
cgmlst-MYCO002682	MYCO002682,1,100.00,1917/1917,DNA
cgmlst-MYCO002696	MYCO002696,1,100.00,780/780,DNA
cgmlst-MYCO002697	MYCO002697,2,100.00,465/465,DNA
cgmlst-MYCO002699	MYCO002699,1,100.00,303/303,DNA
cgmlst-MYCO002702	MYCO002702,3,100.00,798/798,DNA
cgmlst-MYCO002703	MYCO002703,1,100.00,1587/1587,DNA
cgmlst-MYCO002708	MYCO002708,1,100.00,249/249,DNA
cgmlst-MYCO002710	MYCO002710,1,100.00,972/972,DNA
cgmlst-MYCO002711	MYCO002711,1,100.00,693/693,DNA
cgmlst-MYCO002714	MYCO002714,1,100.00,975/975,DNA
cgmlst-MYCO002715	MYCO002715,1,100.00,1026/1026,DNA
cgmlst-MYCO002720	MYCO002720,1,100.00,711/711,DNA
cgmlst-MYCO002724	MYCO002724,1,100.00,1161/1161,DNA
cgmlst-MYCO002725	MYCO002725,1,100.00,1488/1488,DNA
cgmlst-MYCO002726	MYCO002726,1,100.00,870/870,DNA
cgmlst-MYCO002727	MYCO002727,1,100.00,945/945,DNA
cgmlst-MYCO002731	MYCO002731,1,100.00,1353/1353,DNA
cgmlst-MYCO002733	MYCO002733,1,100.00,1539/1539,DNA
cgmlst-MYCO002744	MYCO002744,1,100.00,813/813,DNA
cgmlst-MYCO002748	MYCO002748,1,100.00,2652/2652,DNA
cgmlst-MYCO002750	MYCO002750,1,100.00,819/819,DNA
cgmlst-MYCO002753	MYCO002753,1,100.00,903/903,DNA
cgmlst-MYCO002754	MYCO002754,1,100.00,753/753,DNA
cgmlst-MYCO002764	MYCO002764,1,100.00,792/792,DNA
cgmlst-MYCO002773	MYCO002773,1,100.00,738/738,DNA
cgmlst-MYCO002782	MYCO002782,1,100.00,1317/1317,DNA
cgmlst-MYCO002783	MYCO002783,3,100.00,2259/2259,DNA
cgmlst-MYCO002788	MYCO002788,1,100.00,687/687,DNA
cgmlst-MYCO002794	MYCO002794,2,100.00,684/684,DNA
cgmlst-MYCO002795	MYCO002795,1,100.00,975/975,DNA
cgmlst-MYCO002838	MYCO002838,1,100.00,552/552,DNA
cgmlst-MYCO002839	MYCO002839,7,100.00,2703/2703,DNA
cgmlst-MYCO002841	MYCO002841,1,99.90,1044/1044,DNA
cgmlst-MYCO002846	MYCO002846,1,100.00,1593/1593,DNA
cgmlst-MYCO002847	MYCO002847,1,100.00,1218/1218,DNA
cgmlst-MYCO002861	MYCO002861,1,100.00,858/858,DNA
cgmlst-MYCO002864	MYCO002864,1,100.00,1812/1812,DNA
cgmlst-MYCO002868	MYCO002868,1,100.00,1164/1164,DNA
cgmlst-MYCO002870	MYCO002870,1,100.00,1242/1242,DNA
cgmlst-MYCO002882	MYCO002882,1,100.00,558/558,DNA
cgmlst-MYCO002883	MYCO002883,1,100.00,786/786,DNA
cgmlst-MYCO002889	MYCO002889,1,100.00,816/816,DNA
cgmlst-MYCO002894	MYCO002894,1,100.00,897/897,DNA
cgmlst-MYCO002901	MYCO002901,1,100.00,306/306,DNA
cgmlst-MYCO002902	MYCO002902,1,100.00,795/795,DNA
cgmlst-MYCO002915	MYCO002915,1,100.00,1113/1113,DNA
cgmlst-MYCO002916	MYCO002916,2,100.00,1578/1578,DNA
cgmlst-MYCO002917	MYCO002917,3,100.00,1881/1881,DNA
cgmlst-MYCO002918	MYCO002918,1,100.00,2427/2427,DNA
cgmlst-MYCO002919	MYCO002919,1,100.00,339/339,DNA
cgmlst-MYCO002921	MYCO002921,1,100.00,1269/1269,DNA
cgmlst-MYCO002927	MYCO002927,1,100.00,738/738,DNA
cgmlst-MYCO002965	MYCO002965,1,100.00,486/486,DNA
cgmlst-MYCO002967	MYCO002967,1,100.00,3384/3384,DNA
cgmlst-MYCO002976	MYCO002976,2,100.00,684/684,DNA
cgmlst-MYCO002981	MYCO002981,2,100.00,1122/1122,DNA
cgmlst-MYCO002982	MYCO002982,2,100.00,1005/1005,DNA
cgmlst-MYCO002984	MYCO002984,?,-,-,DNA
cgmlst-MYCO002988	MYCO002988,1,100.00,1422/1422,DNA
cgmlst-MYCO002992	MYCO002992,1,100.00,1473/1473,DNA
cgmlst-MYCO002993	MYCO002993,1,100.00,720/720,DNA
cgmlst-MYCO002995	MYCO002995,2,100.00,1011/1011,DNA
cgmlst-MYCO002996	MYCO002996,1,100.00,1587/1587,DNA
cgmlst-MYCO003001	MYCO003001,1,100.00,1002/1002,DNA
cgmlst-MYCO003003	MYCO003003,1,100.00,1857/1857,DNA
cgmlst-MYCO003006	MYCO003006,1,100.00,1122/1122,DNA
cgmlst-MYCO003009	MYCO003009,2,100.00,1530/1530,DNA
cgmlst-MYCO003010	MYCO003010,1,100.00,1032/1032,DNA
cgmlst-MYCO003011	MYCO003011,1,99.93,1485/1485,DNA
cgmlst-MYCO003014	MYCO003014,1,100.00,2076/2076,DNA
cgmlst-MYCO003024	MYCO003024,1,100.00,1104/1104,DNA
cgmlst-MYCO003025	MYCO003025,1,100.00,1182/1182,DNA
cgmlst-MYCO003027	MYCO003027,1,100.00,846/846,DNA
cgmlst-MYCO003028	MYCO003028,1,100.00,957/957,DNA
cgmlst-MYCO003029	MYCO003029,1,100.00,801/801,DNA
cgmlst-MYCO003031	MYCO003031,9,100.00,1581/1581,DNA
cgmlst-MYCO003032	MYCO003032,1,100.00,1245/1245,DNA
cgmlst-MYCO003034	MYCO003034,1,100.00,903/903,DNA
cgmlst-MYCO003038	MYCO003038,1,100.00,984/984,DNA
cgmlst-MYCO003042	MYCO003042,2,100.00,1230/1230,DNA
cgmlst-MYCO003043	MYCO003043,2,100.00,1722/1722,DNA
cgmlst-MYCO003045	MYCO003045,1,100.00,1041/1041,DNA
cgmlst-MYCO003048	MYCO003048,1,100.00,975/975,DNA
cgmlst-MYCO003049	MYCO003049,1,100.00,1575/1575,DNA
cgmlst-MYCO003051	MYCO003051,1,100.00,2082/2082,DNA
cgmlst-MYCO003052	MYCO003052,1,100.00,453/453,DNA
cgmlst-MYCO003053	MYCO003053,1,100.00,240/240,DNA
cgmlst-MYCO003054	MYCO003054,1,100.00,555/555,DNA
cgmlst-MYCO003057	MYCO003057,3,100.00,864/864,DNA
cgmlst-MYCO003085	MYCO003085,1,100.00,831/831,DNA
cgmlst-MYCO003100	MYCO003100,1,100.00,483/483,DNA
cgmlst-MYCO003101	MYCO003101,1,100.00,894/894,DNA
cgmlst-MYCO003102	MYCO003102,1,100.00,690/690,DNA
cgmlst-MYCO003105	MYCO003105,1,100.00,1137/1137,DNA
cgmlst-MYCO003139	MYCO003139,1,100.00,1407/1407,DNA
cgmlst-MYCO003140	MYCO003140,1,100.00,1206/1206,DNA
cgmlst-MYCO003193	MYCO003193,1,100.00,2979/2979,DNA
cgmlst-MYCO003194	MYCO003194,1,100.00,1023/1023,DNA
cgmlst-MYCO003195	MYCO003195,14,100.00,1419/1419,DNA
cgmlst-MYCO003197	MYCO003197,1,100.00,1344/1344,DNA
cgmlst-MYCO003198	MYCO003198,1,100.00,2103/2103,DNA
cgmlst-MYCO003205	MYCO003205,1,100.00,879/879,DNA
cgmlst-MYCO003206	MYCO003206,1,100.00,1179/1179,DNA
cgmlst-MYCO003207	MYCO003207,1,100.00,858/858,DNA
cgmlst-MYCO003208	MYCO003208,1,100.00,687/687,DNA
cgmlst-MYCO003211	MYCO003211,1,100.00,1584/1584,DNA
cgmlst-MYCO003213	MYCO003213,2,100.00,801/801,DNA
cgmlst-MYCO003214	MYCO003214,1,100.00,612/612,DNA
cgmlst-MYCO003219	MYCO003219,1,100.00,255/255,DNA
cgmlst-MYCO003220	MYCO003220,1,100.00,1506/1506,DNA
cgmlst-MYCO003221	MYCO003221,1,100.00,216/216,DNA
cgmlst-MYCO003223	MYCO003223,1,100.00,651/651,DNA
cgmlst-MYCO003228	MYCO003228,2,100.00,993/993,DNA
cgmlst-MYCO003229	MYCO003229,1,100.00,1284/1284,DNA
cgmlst-MYCO003240	MYCO003240,1,100.00,2850/2850,DNA
cgmlst-MYCO003241	MYCO003241,1,100.00,645/645,DNA
cgmlst-MYCO003245	MYCO003245,2,100.00,1704/1704,DNA
cgmlst-MYCO003246	MYCO003246,1,100.00,687/687,DNA
cgmlst-MYCO003248	MYCO003248,1,100.00,1488/1488,DNA
cgmlst-MYCO003252	MYCO003252,1,100.00,1251/1251,DNA
cgmlst-MYCO003255	MYCO003255,1,100.00,1227/1227,DNA
cgmlst-MYCO003257	MYCO003257,1,100.00,1398/1398,DNA
cgmlst-MYCO003258	MYCO003258,1,100.00,492/492,DNA
cgmlst-MYCO003261	MYCO003261,1,100.00,996/996,DNA
cgmlst-MYCO003262	MYCO003262,1,100.00,1347/1347,DNA
cgmlst-MYCO003264	MYCO003264,1,100.00,1080/1080,DNA
cgmlst-MYCO003265	MYCO003265,1,100.00,906/906,DNA
cgmlst-MYCO003267	MYCO003267,1,100.00,1497/1497,DNA
cgmlst-MYCO003274	MYCO003274,1,100.00,1170/1170,DNA
cgmlst-MYCO003275	MYCO003275,1,100.00,525/525,DNA
cgmlst-MYCO003276	MYCO003276,1,100.00,1290/1290,DNA
cgmlst-MYCO003277	MYCO003277,1,100.00,819/819,DNA
cgmlst-MYCO003280	MYCO003280,1,100.00,1647/1647,DNA
cgmlst-MYCO003285	MYCO003285,1,100.00,1803/1803,DNA
cgmlst-MYCO003290	MYCO003290,1,100.00,1350/1350,DNA
cgmlst-MYCO003296	MYCO003296,1,100.00,4542/4542,DNA
cgmlst-MYCO003302	MYCO003302,1,100.00,1758/1758,DNA
cgmlst-MYCO003303	MYCO003303,32,100.00,1416/1416,DNA
cgmlst-MYCO003304	MYCO003304,1,100.00,480/480,DNA
cgmlst-MYCO003305	MYCO003305,1,100.00,1170/1170,DNA
cgmlst-MYCO003306	MYCO003306,4,100.00,1185/1185,DNA
cgmlst-MYCO003313	MYCO003313,1,100.00,1098/1098,DNA
cgmlst-MYCO003317	MYCO003317,2,100.00,435/435,DNA
cgmlst-MYCO003318	MYCO003318,1,100.00,1773/1773,DNA
cgmlst-MYCO003319	MYCO003319,1,100.00,792/792,DNA
cgmlst-MYCO003328	MYCO003328,3,100.00,939/939,DNA
cgmlst-MYCO003329	MYCO003329,2,100.00,1317/1317,DNA
cgmlst-MYCO003330	MYCO003330,1,100.00,1218/1218,DNA
cgmlst-MYCO003336	MYCO003336,1,100.00,1011/1011,DNA
cgmlst-MYCO003340	MYCO003340,1,100.00,1350/1350,DNA
cgmlst-MYCO003341	MYCO003341,1,100.00,1140/1140,DNA
cgmlst-MYCO003356	MYCO003356,1,100.00,846/846,DNA
cgmlst-MYCO003392	MYCO003392,1,100.00,864/864,DNA
cgmlst-MYCO003396	MYCO003396,2,100.00,1578/1578,DNA
cgmlst-MYCO003409	MYCO003409,1,100.00,1737/1737,DNA
cgmlst-MYCO003410	MYCO003410,2,100.00,1128/1128,DNA
cgmlst-MYCO003411	MYCO003411,1,100.00,1590/1590,DNA
cgmlst-MYCO003412	MYCO003412,1,100.00,411/411,DNA
cgmlst-MYCO003417	MYCO003417,1,100.00,1620/1620,DNA
cgmlst-MYCO003418	MYCO003418,1,100.00,303/303,DNA
cgmlst-MYCO003419	MYCO003419,1,100.00,1035/1035,DNA
cgmlst-MYCO003422	MYCO003422,1,100.00,507/507,DNA
cgmlst-MYCO003432	MYCO003432,1,100.00,1383/1383,DNA
cgmlst-MYCO003433	MYCO003433,1,100.00,1422/1422,DNA
cgmlst-MYCO003436	MYCO003436,1,100.00,1875/1875,DNA
cgmlst-MYCO003441	MYCO003441,1,100.00,1347/1347,DNA
cgmlst-MYCO003455	MYCO003455,1,100.00,771/771,DNA
cgmlst-MYCO003457	MYCO003457,1,99.90,1044/1044,DNA
cgmlst-MYCO003462	MYCO003462,1,100.00,222/222,DNA
cgmlst-MYCO003464	MYCO003464,1,100.00,996/996,DNA
cgmlst-MYCO003490	MYCO003490,1,100.00,1503/1503,DNA
cgmlst-MYCO003500	MYCO003500,1,100.00,843/843,DNA
cgmlst-MYCO003501	MYCO003501,1,100.00,765/765,DNA
cgmlst-MYCO003504	MYCO003504,1,100.00,1203/1203,DNA
cgmlst-MYCO003520	MYCO003520,1,100.00,1044/1044,DNA
cgmlst-MYCO003570	MYCO003570,1,100.00,1185/1185,DNA
cgmlst-MYCO003571	MYCO003571,1,100.00,1077/1077,DNA
cgmlst-MYCO003579	MYCO003579,1,100.00,969/969,DNA
cgmlst-MYCO003580	MYCO003580,1,100.00,1410/1410,DNA
cgmlst-MYCO003583	MYCO003583,1,100.00,489/489,DNA
cgmlst-MYCO003589	MYCO003589,1,100.00,915/915,DNA
cgmlst-MYCO003592	MYCO003592,1,100.00,318/318,DNA
cgmlst-MYCO003596	MYCO003596,1,100.00,2547/2547,DNA
cgmlst-MYCO003598	MYCO003598,1,100.00,1518/1518,DNA
cgmlst-MYCO003600	MYCO003600,1,100.00,819/819,DNA
cgmlst-MYCO003601	MYCO003601,1,100.00,420/420,DNA
cgmlst-MYCO003609	MYCO003609,1,100.00,609/609,DNA
cgmlst-MYCO003610	MYCO003610,1,100.00,2283/2283,DNA
cgmlst-MYCO003624	MYCO003624,2,100.00,651/651,DNA
cgmlst-MYCO003628	MYCO003628,1,100.00,489/489,DNA
cgmlst-MYCO003644	MYCO003644,1,100.00,1206/1206,DNA
cgmlst-MYCO003646	MYCO003646,2,100.00,2805/2805,DNA
cgmlst-MYCO003647	MYCO003647,1,100.00,579/579,DNA
cgmlst-MYCO003648	MYCO003648,1,100.00,204/204,DNA
cgmlst-MYCO003668	MYCO003668,1,100.00,699/699,DNA
cgmlst-MYCO003670	MYCO003670,1,100.00,984/984,DNA
cgmlst-MYCO003674	MYCO003674,1,100.00,738/738,DNA
cgmlst-MYCO003676	MYCO003676,1,100.00,675/675,DNA
cgmlst-MYCO003677	MYCO003677,1,100.00,795/795,DNA
cgmlst-MYCO003679	MYCO003679,1,99.90,1023/1023,DNA
cgmlst-MYCO003680	MYCO003680,1,99.91,1161/1161,DNA
cgmlst-MYCO003682	MYCO003682,1,100.00,2433/2433,DNA
cgmlst-MYCO003683	MYCO003683,1,100.00,960/960,DNA
cgmlst-MYCO003684	MYCO003684,1,100.00,1041/1041,DNA
cgmlst-MYCO003695	MYCO003695,1,100.00,933/933,DNA
cgmlst-MYCO003696	MYCO003696,1,100.00,1554/1554,DNA
cgmlst-MYCO003705	MYCO003705,1,100.00,645/645,DNA
cgmlst-MYCO003707	MYCO003707,1,100.00,1011/1011,DNA
cgmlst-MYCO003708	MYCO003708,2,100.00,1038/1038,DNA
cgmlst-MYCO003709	MYCO003709,1,100.00,1266/1266,DNA
cgmlst-MYCO003710	MYCO003710,10,100.00,1935/1935,DNA
cgmlst-MYCO003711	MYCO003711,2,100.00,990/990,DNA
cgmlst-MYCO003712	MYCO003712,1,100.00,1242/1242,DNA
cgmlst-MYCO003713	MYCO003713,1,100.00,696/696,DNA
cgmlst-MYCO003715	MYCO003715,1,100.00,612/612,DNA
cgmlst-MYCO003717	MYCO003717,1,100.00,726/726,DNA
cgmlst-MYCO003718	MYCO003718,1,100.00,444/444,DNA
cgmlst-MYCO003719	MYCO003719,2,100.00,1413/1413,DNA
cgmlst-MYCO003720	MYCO003720,1,100.00,1263/1263,DNA
cgmlst-MYCO003721	MYCO003721,1,100.00,1737/1737,DNA
cgmlst-MYCO003722	MYCO003722,1,100.00,1308/1308,DNA
cgmlst-MYCO003765	MYCO003765,1,100.00,705/705,DNA
cgmlst-MYCO003774	MYCO003774,1,100.00,825/825,DNA
cgmlst-MYCO003775	MYCO003775,1,100.00,1248/1248,DNA
cgmlst-MYCO003777	MYCO003777,2,100.00,987/987,DNA
cgmlst-MYCO003778	MYCO003778,1,100.00,1197/1197,DNA
cgmlst-MYCO003780	MYCO003780,1,100.00,537/537,DNA
cgmlst-MYCO003781	MYCO003781,1,100.00,822/822,DNA
cgmlst-MYCO003782	MYCO003782,1,100.00,915/915,DNA
cgmlst-MYCO003783	MYCO003783,1,100.00,843/843,DNA
cgmlst-MYCO003790	MYCO003790,1,100.00,1386/1386,DNA
cgmlst-MYCO003791	MYCO003791,1,100.00,765/765,DNA
cgmlst-MYCO003793	MYCO003793,9,100.00,3285/3285,DNA
cgmlst-MYCO003794	MYCO003794,1,100.00,3285/3285,DNA
cgmlst-MYCO003795	MYCO003795,1,100.00,3297/3297,DNA
cgmlst-MYCO003799	MYCO003799,2,100.00,1569/1569,DNA
cgmlst-MYCO003801	MYCO003801,1,100.00,1914/1914,DNA
cgmlst-MYCO003802	MYCO003802,1,100.00,1011/1011,DNA
cgmlst-MYCO003804	MYCO003804,1,100.00,1017/1017,DNA
cgmlst-MYCO003806	MYCO003806,1,100.00,909/909,DNA
cgmlst-MYCO003808	MYCO003808,1,100.00,1914/1914,DNA
cgmlst-MYCO003809	MYCO003809,1,100.00,1200/1200,DNA
cgmlst-MYCO003816	MYCO003816,1,100.00,780/780,DNA
cgmlst-MYCO003834	MYCO003834,1,100.00,1260/1260,DNA
cgmlst-MYCO003835	MYCO003835,1,100.00,1350/1350,DNA
cgmlst-MYCO003842	MYCO003842,1,100.00,825/825,DNA
cgmlst-MYCO003847	MYCO003847,1,100.00,534/534,DNA
cgmlst-MYCO003849	MYCO003849,1,100.00,399/399,DNA
cgmlst-MYCO003858	MYCO003858,1,100.00,1467/1467,DNA
cgmlst-MYCO003859	MYCO003859,12,100.00,4584/4584,DNA
cgmlst-MYCO003907	MYCO003907,1,100.00,1443/1443,DNA
cgmlst-MYCO003908	MYCO003908,1,100.00,747/747,DNA
cgmlst-MYCO003913	MYCO003913,1,100.00,1008/1008,DNA
cgmlst-MYCO003915	MYCO003915,4,100.00,1221/1221,DNA
cgmlst-MYCO003917	MYCO003917,1,100.00,1035/1035,DNA
cgmlst-MYCO003918	MYCO003918,1,100.00,1044/1044,DNA
cgmlst-MYCO003920	MYCO003920,1,100.00,564/564,DNA
cgmlst-MYCO003921	MYCO003921,1,100.00,1101/1101,DNA
cgmlst-MYCO013678	MYCO013678,1,100.00,162/162,DNA
pointfinder_mutations	[["embC p.V981L", "GTG -> CTG", "V -> L", "Unknown", "-"], ["folC p.A477V", "GCG -> GTG", "A -> V", "Unknown", "-"], ["gyrA p.E21Q", "GAG -> CAG", "E -> Q", "Unknown", "-"], ["gyrA p.S95T", "AGC -> ACC", "S -> T", "Unknown", "-"], ["gyrA p.G668D", "GGC -> GAC", "G -> D", "Unknown", "-"], ["rpoC p.G594E", "GGG -> GAG", "G -> E", "Unknown", "-"]]