pipeline_name	Neisseria pipeline
pipeline_version	1.2
sample	S19BD01485
input_files	S19BD01485_1.fastq.gz, S19BD01485_2.fastq.gz
analysis_date	07/07/2022 - 13:21:39
detection_method	blast
downsampling_coverage_estimated	45.72
downsampling_coverage_target	100.00
downsampling_downsample_factor	None
downsampling_mean_read_length	234.21
downsampling_nb_read_pairs_in	210589
downsampling_nb_read_pairs_out	210589
downsampling_size_ref_genome	2157444
downsampling_total_bases	98642183
trimming_pairs_in	210589
trimming_pairs_out	191513
trimming_fwd_only_surviving	16157
trimming_rev_only_surviving	998
trimming_pairs_both_dropped	1921
assembly_n50	54045
assembly_nb_contigs	107
assembly_total_length	2127902
qc_kraken_status	OK
qc_kraken_value	0.00%
qc_cgmlst_status	OK
qc_cgmlst_value	95.89%
qc_cov_assembly_status	OK
qc_cov_assembly_value	37.00x
qc_map_rate_assembly_status	OK
qc_map_rate_assembly_value	99.37%
qc_fqc_avg_qual_fwd_status	OK
qc_fqc_avg_qual_fwd_value	36
qc_fqc_avg_qual_rev_status	OK
qc_fqc_avg_qual_rev_value	36
qc_fqc_gc_fwd_status	OK
qc_fqc_gc_fwd_value	0.50%
qc_fqc_gc_rev_status	OK
qc_fqc_gc_rev_value	0.50%
qc_fqc_n_fraction_fwd_status	OK
qc_fqc_n_fraction_fwd_value	0.0002
qc_fqc_n_fraction_rev_status	OK
qc_fqc_n_fraction_rev_value	0.0000
qc_fqc_per_base_fwd_status	OK
qc_fqc_per_base_fwd_value	0.32%
qc_fqc_per_base_rev_status	OK
qc_fqc_per_base_rev_value	0.80%
qc_fqc_qscore_fwd_status	OK
qc_fqc_qscore_fwd_value	inf
qc_fqc_qscore_rev_status	OK
qc_fqc_qscore_rev_value	inf
qc_fqc_seq_len_fwd_status	OK
qc_fqc_seq_len_fwd_value	100.00%
qc_fqc_seq_len_rev_status	OK
qc_fqc_seq_len_rev_value	88.45%
kraken2_expected_species	Neisseria meningitidis
kraken2_expected_species_occurrence	91.57
kraken2_contaminants_warn	[]
kraken2_contaminants_fail	[]
hits_resfinder	[]
hits_card	[["Cluster_214", "mtrC", "97.82", "1239/1239", "NODE_20_length_38607_cov_18.664137", "7570..8808", "AE002098.2"], ["Cluster_269", "macA", "96.52", "1179/1179", "NODE_22_length_36407_cov_15.040298", "28496..29674", "AY768531.1"], ["Cluster_5", "mtrD", "98.00", "3204/3204", "NODE_20_length_38607_cov_18.664137", "4355..7558", "AE002098.2"], ["Cluster_304", "farA", "98.53", "1155/1155", "NODE_10_length_65801_cov_16.837409", "16848..18002", "AE002098.2"], ["Cluster_130", "farB", "95.68", "1527/1527", "NODE_10_length_65801_cov_16.837409", "18026..19552", "AE002098.2"], ["Cluster_168", "mtrE", "94.45", "1405/1404", "NODE_20_length_38607_cov_18.664137", "2897..4300", "X95635.1"], ["Cluster_63", "macB", "97.36", "1935/1935", "NODE_22_length_36407_cov_15.040298", "29740..31674", "AY768532.1"]]
hits_argannot	[]
hits_ncbi_amr	[["Cluster_111", "norM", "95.00", "1380/1380", "NODE_3_length_101044_cov_15.743661", "52408..53787", "Efflux", "GG749401.1"], ["Cluster_801", "mtrR", "97.00", "633/633", "NODE_20_length_38607_cov_18.664137", "9212..9844", "Efflux", "Z25797.1"], ["Cluster_137", "mtrC", "94.11", "1239/1239", "NODE_20_length_38607_cov_18.664137", "7570..8808", "Efflux", "U14993.1"], ["Cluster_386", "mtrA", "94.48", "906/906", "NODE_26_length_31813_cov_15.155400", "25129..26034", "Efflux", "AF128627.1"], ["Cluster_79", "farB", "93.71", "1527/1524", "NODE_10_length_65801_cov_16.837409", "18026..19552", "Efflux", "AF132910.1"]]
mlst-ST	16461
mlst-clonal_complex
mlst-percent_detected	100.0
mlst-abcZ	abcZ,10,100.00,433/433,DNA
mlst-adk	adk,6,100.00,465/465,DNA
mlst-aroE	aroE,6,100.00,490/490,DNA
mlst-fumC	fumC,17,100.00,465/465,DNA
mlst-gdh	gdh,8,100.00,501/501,DNA
mlst-pdhC	pdhC,9,100.00,480/480,DNA
mlst-pgm	pgm,8,100.00,450/450,DNA
rplf-rplF_id	109
rplf-genospecies	Neisseria meningitidis
rplf-comments	Confirmed
rplf-percent_detected	100.0
rplf-'rplF	'rplF,109,100.00,413/413,DNA
bast-BAST	-
bast-MenDeVAR_Bexsero_reactivity	-
bast-MenDeVAR_Trumenba_reactivity	-
bast-percent_detected	80.0
bast-fHbp_peptide	fHbp_peptide,321,100.00,260/260,peptide
bast-NHBA_peptide	NHBA_peptide,243,100.00,426/426,peptide
bast-NadA_peptide	NadA_peptide,?,-,-,peptide
bast-PorA_VR1	PorA_VR1,5-2,100.00,12/12,peptide
bast-PorA_VR2	PorA_VR2,10-1,100.00,15/15,peptide
pora-PorA_VR1	PorA_VR1,5-2,100.00,12/12,peptide
pora-PorA_VR2	PorA_VR2,10-1,100.00,15/15,peptide
porb-porB	porB,1386,100.00,1068/1068,DNA
feta-FetA	FetA,F5-8,100.00,42/42,peptide
fhbp-fHbp_allele	fHbp_allele,380,100.00,780/780,DNA
fhbp-fHbp_DNAfrag_Pasteur	fHbp_DNAfrag_Pasteur,157,100.00,465/465,DNA
fhbp-fHbp_PEPTIDEfrag_Pasteur	fHbp_PEPTIDEfrag_Pasteur,126,100.00,155/155,peptide
fhbp-FHbp_segment_E	FHbp_segment_E,E1.68,100.00,68/68,peptide
fhbp-FHbp_segment_D	FHbp_segment_D,D1.1,100.00,19/19,peptide
fhbp-FHbp_segment_C	FHbp_segment_C,C1.36,100.00,62/62,peptide
fhbp-FHbp_segment_B	FHbp_segment_B,B1.1,100.00,15/15,peptide
fhbp-FHbp_segment_A	FHbp_segment_A,A1.28,100.00,66/66,peptide
fhbp-fHbp_peptide	fHbp_peptide,321,100.00,260/260,peptide
resistance_genes-gyrA	gyrA,2,100.00,525/525,DNA
resistance_genes-NEIS0414	NEIS0414,263,99.96,2397/2397,DNA
resistance_genes-NEIS1320	NEIS1320,104,100.00,2751/2751,DNA
resistance_genes-NEIS1525	NEIS1525,928,100.00,2304/2304,DNA
resistance_genes-NEIS1600	NEIS1600,333,100.00,1986/1986,DNA
resistance_genes-NEIS1609	NEIS1609,263,100.00,852/852,DNA
resistance_genes-NEIS1635	NEIS1635,7,100.00,633/633,DNA
resistance_genes-NEIS1753	NEIS1753,203,100.00,1749/1749,DNA
resistance_genes-penA	penA,348,100.00,402/402,DNA
resistance_genes-pro_NEIS1635	pro_NEIS1635,5,100.00,67/67,DNA
resistance_genes-rpoB	rpoB,28,100.00,660/660,DNA
vaccine_targets-nhba	nhba,285,100.00,1281/1281,DNA
vaccine_targets-nadA	nadA,315,100.00,159/159,DNA
vaccine_targets-fHbp	fHbp,380,100.00,780/780,DNA
cgmlst-NEIS0001	NEIS0001,810,100.00,924/924,DNA
cgmlst-NEIS0004	NEIS0004,103,100.00,314/314,DNA
cgmlst-NEIS0005	NEIS0005,74,100.00,198/198,DNA
cgmlst-NEIS0006	NEIS0006,145,100.00,954/954,DNA
cgmlst-NEIS0007	NEIS0007,371,100.00,2058/2058,DNA
cgmlst-NEIS0008	NEIS0008,334,100.00,1839/1839,DNA
cgmlst-NEIS0009	NEIS0009,61,100.00,519/519,DNA
cgmlst-NEIS0010	NEIS0010,6,100.00,1326/1326,DNA
cgmlst-NEIS0011	NEIS0011,104,100.00,840/840,DNA
cgmlst-NEIS0012	NEIS0012,6,100.00,1167/1167,DNA
cgmlst-NEIS0013	NEIS0013,939,100.00,1266/1266,DNA
cgmlst-NEIS0014	NEIS0014,3,100.00,330/330,DNA
cgmlst-NEIS0015	NEIS0015,1182,100.00,1371/1371,DNA
cgmlst-NEIS0016	NEIS0016,131,100.00,979/979,DNA
cgmlst-NEIS0017	NEIS0017,27,100.00,1002/1002,DNA
cgmlst-NEIS0018	NEIS0018,19,100.00,849/849,DNA
cgmlst-NEIS0019	NEIS0019,163,100.00,486/486,DNA
cgmlst-NEIS0020	NEIS0020,70,100.00,1569/1569,DNA
cgmlst-NEIS0021	NEIS0021,1025,100.00,1266/1266,DNA
cgmlst-NEIS0034	NEIS0034,98,100.00,2151/2151,DNA
cgmlst-NEIS0035	NEIS0035,5,100.00,1227/1227,DNA
cgmlst-NEIS0036	NEIS0036,15,100.00,1044/1044,DNA
cgmlst-NEIS0037	NEIS0037,36,100.00,687/687,DNA
cgmlst-NEIS0038	NEIS0038,46,99.76,409/409,DNA
cgmlst-NEIS0039	NEIS0039,15,100.00,792/792,DNA
cgmlst-NEIS0040	NEIS0040,1,100.00,417/417,DNA
cgmlst-NEIS0041	NEIS0041,542,100.00,465/465,DNA
cgmlst-NEIS0043	NEIS0043,155,100.00,1122/1122,DNA
cgmlst-NEIS0044	NEIS0044,212,100.00,2019/2019,DNA
cgmlst-NEIS0045	NEIS0045,394,100.00,558/558,DNA
cgmlst-NEIS0046	NEIS0046,1,100.00,867/867,DNA
cgmlst-NEIS0047	NEIS0047,515,100.00,1026/1068,DNA
cgmlst-NEIS0048	NEIS0048,8,100.00,1017/1017,DNA
cgmlst-NEIS0055	NEIS0055,10,100.00,1176/1176,DNA
cgmlst-NEIS0056	NEIS0056,2,100.00,1164/1164,DNA
cgmlst-NEIS0057	NEIS0057,1,100.00,798/798,DNA
cgmlst-NEIS0058	NEIS0058,2,100.00,651/651,DNA
cgmlst-NEIS0059	NEIS0059,2242,100.00,2274/2274,DNA
cgmlst-NEIS0062	NEIS0062,?,-,-,DNA
cgmlst-NEIS0065	NEIS0065,187,100.00,558/558,DNA
cgmlst-NEIS0066	NEIS0066,1514,100.00,2025/2025,DNA
cgmlst-NEIS0067	NEIS0067,83,100.00,1260/1260,DNA
cgmlst-NEIS0068	NEIS0068,755,100.00,1407/1407,DNA
cgmlst-NEIS0069	NEIS0069,153,100.00,1215/1215,DNA
cgmlst-NEIS0071	NEIS0071,3,100.00,1017/1017,DNA
cgmlst-NEIS0072	NEIS0072,1,100.00,198/198,DNA
cgmlst-NEIS0073	NEIS0073,167,100.00,1401/1401,DNA
cgmlst-NEIS0074	NEIS0074,130,100.00,1473/1473,DNA
cgmlst-NEIS0092	NEIS0092,125,100.00,552/552,DNA
cgmlst-NEIS0093	NEIS0093,9,100.00,495/495,DNA
cgmlst-NEIS0094	NEIS0094,2,100.00,237/237,DNA
cgmlst-NEIS0095	NEIS0095,13,100.00,674/674,DNA
cgmlst-NEIS0096	NEIS0096,4,100.00,159/159,DNA
cgmlst-NEIS0097	NEIS0097,1,100.00,843/843,DNA
cgmlst-NEIS0098	NEIS0098,26,100.00,921/921,DNA
cgmlst-NEIS0099	NEIS0099,1,100.00,459/459,DNA
cgmlst-NEIS0100	NEIS0100,99,100.00,666/666,DNA
cgmlst-NEIS0101	NEIS0101,21,100.00,1218/1218,DNA
cgmlst-NEIS0102	NEIS0102,1,100.00,504/504,DNA
cgmlst-NEIS0103	NEIS0103,35,100.00,927/927,DNA
cgmlst-NEIS0104	NEIS0104,321,100.00,1260/1260,DNA
cgmlst-NEIS0105	NEIS0105,1,100.00,600/600,DNA
cgmlst-NEIS0106	NEIS0106,471,100.00,2121/2121,DNA
cgmlst-NEIS0107	NEIS0107,39,100.00,1278/1278,DNA
cgmlst-NEIS0108	NEIS0108,227,100.00,1188/1188,DNA
cgmlst-NEIS0109	NEIS0109,12,100.00,462/462,DNA
cgmlst-NEIS0110	NEIS0110,40,100.00,2307/2307,DNA
cgmlst-NEIS0113	NEIS0113,2,100.00,378/378,DNA
cgmlst-NEIS0114	NEIS0114,10,100.00,570/570,DNA
cgmlst-NEIS0115	NEIS0115,1,100.00,252/252,DNA
cgmlst-NEIS0116	NEIS0116,?,-,-,DNA
cgmlst-NEIS0117	NEIS0117,1,100.00,279/279,DNA
cgmlst-NEIS0118	NEIS0118,3,100.00,537/537,DNA
cgmlst-NEIS0119	NEIS0119,2,100.00,435/435,DNA
cgmlst-NEIS0120	NEIS0120,15,100.00,696/696,DNA
cgmlst-NEIS0121	NEIS0121,1,100.00,501/501,DNA
cgmlst-NEIS0122	NEIS0122,17,100.00,372/372,DNA
cgmlst-NEIS0123	NEIS0123,310,100.00,4185/4185,DNA
cgmlst-NEIS0124	NEIS0124,1,100.00,4176/4176,DNA
cgmlst-NEIS0125	NEIS0125,3,100.00,372/372,DNA
cgmlst-NEIS0126	NEIS0126,2,100.00,471/471,DNA
cgmlst-NEIS0127	NEIS0127,43,100.00,2106/2106,DNA
cgmlst-NEIS0128	NEIS0128,?,-,-,DNA
cgmlst-NEIS0129	NEIS0129,7,100.00,312/312,DNA
cgmlst-NEIS0132	NEIS0132,35,100.00,645/645,DNA
cgmlst-NEIS0133	NEIS0133,6,100.00,621/621,DNA
cgmlst-NEIS0134	NEIS0134,2,100.00,321/321,DNA
cgmlst-NEIS0135	NEIS0135,32,100.00,834/834,DNA
cgmlst-NEIS0136	NEIS0136,1,100.00,279/279,DNA
cgmlst-NEIS0137	NEIS0137,1,100.00,330/330,DNA
cgmlst-NEIS0138	NEIS0138,3,100.00,693/693,DNA
cgmlst-NEIS0139	NEIS0139,1,100.00,417/417,DNA
cgmlst-NEIS0140	NEIS0140,1,100.00,192/192,DNA
cgmlst-NEIS0141	NEIS0141,1,100.00,264/264,DNA
cgmlst-NEIS0142	NEIS0142,1,100.00,369/369,DNA
cgmlst-NEIS0143	NEIS0143,1,100.00,324/324,DNA
cgmlst-NEIS0144	NEIS0144,1,100.00,540/540,DNA
cgmlst-NEIS0145	NEIS0145,2,100.00,306/306,DNA
cgmlst-NEIS0146	NEIS0146,3,100.00,393/393,DNA
cgmlst-NEIS0147	NEIS0147,15,100.00,534/534,DNA
cgmlst-NEIS0148	NEIS0148,1,100.00,354/354,DNA
cgmlst-NEIS0149	NEIS0149,1,100.00,519/519,DNA
cgmlst-NEIS0150	NEIS0150,1,100.00,186/186,DNA
cgmlst-NEIS0151	NEIS0151,2,100.00,435/435,DNA
cgmlst-NEIS0152	NEIS0152,16,100.00,1311/1311,DNA
cgmlst-NEIS0153	NEIS0153,1,100.00,219/219,DNA
cgmlst-NEIS0154	NEIS0154,1,100.00,114/114,DNA
cgmlst-NEIS0155	NEIS0155,1,100.00,363/363,DNA
cgmlst-NEIS0156	NEIS0156,1,100.00,396/396,DNA
cgmlst-NEIS0157	NEIS0157,1,100.00,621/621,DNA
cgmlst-NEIS0158	NEIS0158,1,100.00,987/987,DNA
cgmlst-NEIS0159	NEIS0159,1,100.00,369/369,DNA
cgmlst-NEIS0160	NEIS0160,4,100.00,714/714,DNA
cgmlst-NEIS0161	NEIS0161,71,100.00,816/816,DNA
cgmlst-NEIS0162	NEIS0162,1,100.00,264/264,DNA
cgmlst-NEIS0163	NEIS0163,139,100.00,921/921,DNA
cgmlst-NEIS0164	NEIS0164,341,100.00,2838/2838,DNA
cgmlst-NEIS0165	NEIS0165,1,100.00,810/810,DNA
cgmlst-NEIS0166	NEIS0166,1,100.00,1257/1257,DNA
cgmlst-NEIS0167	NEIS0167,2,100.00,1392/1392,DNA
cgmlst-NEIS0168	NEIS0168,150,100.00,777/777,DNA
cgmlst-NEIS0170	NEIS0170,40,100.00,450/450,DNA
cgmlst-NEIS0171	NEIS0171,44,100.00,1047/1047,DNA
cgmlst-NEIS0172	NEIS0172,7,100.00,501/501,DNA
cgmlst-NEIS0173	NEIS0173,2038,100.00,2394/2394,DNA
cgmlst-NEIS0174	NEIS0174,15,100.00,1341/1341,DNA
cgmlst-NEIS0175	NEIS0175,154,100.00,1236/1236,DNA
cgmlst-NEIS0176	NEIS0176,40,100.00,798/798,DNA
cgmlst-NEIS0177	NEIS0177,27,100.00,747/747,DNA
cgmlst-NEIS0178	NEIS0178,32,100.00,558/558,DNA
cgmlst-NEIS0179	NEIS0179,23,100.00,1128/1128,DNA
cgmlst-NEIS0180	NEIS0180,8,100.00,486/486,DNA
cgmlst-NEIS0181	NEIS0181,32,100.00,624/624,DNA
cgmlst-NEIS0182	NEIS0182,5,100.00,774/774,DNA
cgmlst-NEIS0183	NEIS0183,33,100.00,585/585,DNA
cgmlst-NEIS0184	NEIS0184,303,100.00,1896/1896,DNA
cgmlst-NEIS0185	NEIS0185,16,100.00,1428/1428,DNA
cgmlst-NEIS0186	NEIS0186,232,100.00,990/990,DNA
cgmlst-NEIS0187	NEIS0187,196,100.00,2760/2760,DNA
cgmlst-NEIS0190	NEIS0190,11,100.00,993/993,DNA
cgmlst-NEIS0191	NEIS0191,36,100.00,1155/1155,DNA
cgmlst-NEIS0194	NEIS0194,117,100.00,300/300,DNA
cgmlst-NEIS0195	NEIS0195,34,100.00,810/810,DNA
cgmlst-NEIS0196	NEIS0196,5,100.00,378/378,DNA
cgmlst-NEIS0197	NEIS0197,38,100.00,435/435,DNA
cgmlst-NEIS0198	NEIS0198,155,100.00,726/726,DNA
cgmlst-NEIS0199	NEIS0199,227,100.00,1032/1032,DNA
cgmlst-NEIS0200	NEIS0200,6,100.00,840/840,DNA
cgmlst-NEIS0201	NEIS0201,264,100.00,1977/1977,DNA
cgmlst-NEIS0202	NEIS0202,61,99.75,401/401,DNA
cgmlst-NEIS0203	NEIS0203,?,-,-,DNA
cgmlst-NEIS0204	NEIS0204,128,100.00,2391/2391,DNA
cgmlst-NEIS0205	NEIS0205,9,100.00,987/987,DNA
cgmlst-NEIS0206	NEIS0206,10,100.00,2037/2037,DNA
cgmlst-NEIS0207	NEIS0207,17,100.00,567/567,DNA
cgmlst-NEIS0211	NEIS0211,215,100.00,1515/1515,DNA
cgmlst-NEIS0212	NEIS0212,93,100.00,852/852,DNA
cgmlst-NEIS0213	NEIS0213,178,99.91,1126/1125,DNA
cgmlst-NEIS0216	NEIS0216,1,100.00,1248/1248,DNA
cgmlst-NEIS0217	NEIS0217,1,100.00,237/237,DNA
cgmlst-NEIS0218	NEIS0218,149,100.00,1008/1008,DNA
cgmlst-NEIS0222	NEIS0222,1,100.00,474/474,DNA
cgmlst-NEIS0224	NEIS0224,384,100.00,2691/2691,DNA
cgmlst-NEIS0225	NEIS0225,9,100.00,693/693,DNA
cgmlst-NEIS0226	NEIS0226,81,100.00,1194/1194,DNA
cgmlst-NEIS0227	NEIS0227,2,100.00,738/738,DNA
cgmlst-NEIS0228	NEIS0228,100,100.00,930/930,DNA
cgmlst-NEIS0229	NEIS0229,1,100.00,648/648,DNA
cgmlst-NEIS0230	NEIS0230,1496,99.95,2208/2208,DNA
cgmlst-NEIS0231	NEIS0231,1,100.00,540/540,DNA
cgmlst-NEIS0232	NEIS0232,1,100.00,216/216,DNA
cgmlst-NEIS0233	NEIS0233,1,100.00,360/360,DNA
cgmlst-NEIS0235	NEIS0235,1,100.00,666/666,DNA
cgmlst-NEIS0236	NEIS0236,1,100.00,1494/1494,DNA
cgmlst-NEIS0237	NEIS0237,1,100.00,357/357,DNA
cgmlst-NEIS0238	NEIS0238,1,100.00,483/483,DNA
cgmlst-NEIS0239	NEIS0239,19,100.00,594/594,DNA
cgmlst-NEIS0240	NEIS0240,23,100.00,1257/1257,DNA
cgmlst-NEIS0241	NEIS0241,155,100.00,474/474,DNA
cgmlst-NEIS0242	NEIS0242,421,100.00,1302/1302,DNA
cgmlst-NEIS0243	NEIS0243,6,100.00,438/438,DNA
cgmlst-NEIS0244	NEIS0244,620,100.00,2262/2262,DNA
cgmlst-NEIS0245	NEIS0245,444,100.00,1083/1083,DNA
cgmlst-NEIS0246	NEIS0246,1,100.00,480/480,DNA
cgmlst-NEIS0247	NEIS0247,37,100.00,672/672,DNA
cgmlst-NEIS0248	NEIS0248,1,100.00,306/306,DNA
cgmlst-NEIS0249	NEIS0249,1,100.00,576/576,DNA
cgmlst-NEIS0250	NEIS0250,1,100.00,342/342,DNA
cgmlst-NEIS0251	NEIS0251,1098,100.00,2025/2025,DNA
cgmlst-NEIS0252	NEIS0252,562,100.00,1497/1497,DNA
cgmlst-NEIS0253	NEIS0253,221,100.00,1446/1446,DNA
cgmlst-NEIS0254	NEIS0254,15,100.00,393/393,DNA
cgmlst-NEIS0255	NEIS0255,48,100.00,897/897,DNA
cgmlst-NEIS0256	NEIS0256,113,100.00,225/225,DNA
cgmlst-NEIS0257	NEIS0257,179,100.00,924/924,DNA
cgmlst-NEIS0258	NEIS0258,50,100.00,1854/1854,DNA
cgmlst-NEIS0259	NEIS0259,32,100.00,585/585,DNA
cgmlst-NEIS0260	NEIS0260,16,100.00,327/327,DNA
cgmlst-NEIS0261	NEIS0261,25,100.00,720/720,DNA
cgmlst-NEIS0262	NEIS0262,22,100.00,465/465,DNA
cgmlst-NEIS0263	NEIS0263,146,100.00,726/726,DNA
cgmlst-NEIS0264	NEIS0264,19,100.00,771/771,DNA
cgmlst-NEIS0265	NEIS0265,29,100.00,789/789,DNA
cgmlst-NEIS0269	NEIS0269,350,100.00,2301/2301,DNA
cgmlst-NEIS0270	NEIS0270,218,100.00,783/783,DNA
cgmlst-NEIS0271	NEIS0271,46,100.00,957/957,DNA
cgmlst-NEIS0272	NEIS0272,39,100.00,1539/1539,DNA
cgmlst-NEIS0273	NEIS0273,9,100.00,699/699,DNA
cgmlst-NEIS0274	NEIS0274,41,100.00,1005/1005,DNA
cgmlst-NEIS0275	NEIS0275,34,100.00,2409/2409,DNA
cgmlst-NEIS0276	NEIS0276,1012,100.00,1143/1143,DNA
cgmlst-NEIS0288	NEIS0288,1,100.00,1881/1881,DNA
cgmlst-NEIS0289	NEIS0289,1,100.00,633/633,DNA
cgmlst-NEIS0290	NEIS0290,13,100.00,1371/1371,DNA
cgmlst-NEIS0291	NEIS0291,1896,100.00,1869/1869,DNA
cgmlst-NEIS0292	NEIS0292,31,100.00,615/615,DNA
cgmlst-NEIS0294	NEIS0294,3,100.00,231/231,DNA
cgmlst-NEIS0302	NEIS0302,200,100.00,747/747,DNA
cgmlst-NEIS0303	NEIS0303,290,100.00,1566/1566,DNA
cgmlst-NEIS0304	NEIS0304,283,100.00,1866/1866,DNA
cgmlst-NEIS0305	NEIS0305,82,100.00,927/927,DNA
cgmlst-NEIS0306	NEIS0306,9,100.00,408/408,DNA
cgmlst-NEIS0307	NEIS0307,142,100.00,963/963,DNA
cgmlst-NEIS0308	NEIS0308,443,99.53,426/426,DNA
cgmlst-NEIS0309	NEIS0309,1,100.00,252/252,DNA
cgmlst-NEIS0310	NEIS0310,198,100.00,1056/1056,DNA
cgmlst-NEIS0311	NEIS0311,16,100.00,528/528,DNA
cgmlst-NEIS0312	NEIS0312,12,100.00,180/180,DNA
cgmlst-NEIS0313	NEIS0313,84,100.00,504/504,DNA
cgmlst-NEIS0314	NEIS0314,152,100.00,591/591,DNA
cgmlst-NEIS0315	NEIS0315,168,100.00,711/711,DNA
cgmlst-NEIS0316	NEIS0316,33,100.00,1638/1638,DNA
cgmlst-NEIS0317	NEIS0317,58,100.00,222/222,DNA
cgmlst-NEIS0318	NEIS0318,21,100.00,366/366,DNA
cgmlst-NEIS0319	NEIS0319,10,100.00,135/135,DNA
cgmlst-NEIS0320	NEIS0320,238,100.00,1557/1557,DNA
cgmlst-NEIS0321	NEIS0321,72,100.00,1104/1104,DNA
cgmlst-NEIS0323	NEIS0323,267,100.00,2058/2058,DNA
cgmlst-NEIS0324	NEIS0324,10,100.00,444/444,DNA
cgmlst-NEIS0325	NEIS0325,3,100.00,516/516,DNA
cgmlst-NEIS0326	NEIS0326,768,100.00,2631/2631,DNA
cgmlst-NEIS0331	NEIS0331,1,100.00,312/312,DNA
cgmlst-NEIS0332	NEIS0332,5,100.00,341/341,DNA
cgmlst-NEIS0333	NEIS0333,21,100.00,351/351,DNA
cgmlst-NEIS0334	NEIS0334,63,100.00,774/774,DNA
cgmlst-NEIS0335	NEIS0335,97,100.00,528/528,DNA
cgmlst-NEIS0336	NEIS0336,114,100.00,657/657,DNA
cgmlst-NEIS0337	NEIS0337,24,100.00,324/324,DNA
cgmlst-NEIS0338	NEIS0338,24,100.00,2178/2178,DNA
cgmlst-NEIS0339	NEIS0339,7,100.00,324/324,DNA
cgmlst-NEIS0340	NEIS0340,10,100.00,966/966,DNA
cgmlst-NEIS0341	NEIS0341,70,100.00,957/957,DNA
cgmlst-NEIS0342	NEIS0342,1,100.00,2016/2016,DNA
cgmlst-NEIS0343	NEIS0343,202,100.00,1311/1311,DNA
cgmlst-NEIS0344	NEIS0344,11,100.00,435/435,DNA
cgmlst-NEIS0345	NEIS0345,20,100.00,642/642,DNA
cgmlst-NEIS0346	NEIS0346,193,100.00,738/738,DNA
cgmlst-NEIS0347	NEIS0347,1,100.00,441/441,DNA
cgmlst-NEIS0348	NEIS0348,170,100.00,678/678,DNA
cgmlst-NEIS0350	NEIS0350,347,100.00,1065/1065,DNA
cgmlst-NEIS0351	NEIS0351,23,100.00,918/918,DNA
cgmlst-NEIS0352	NEIS0352,375,100.00,1914/1914,DNA
cgmlst-NEIS0353	NEIS0353,279,100.00,1329/1329,DNA
cgmlst-NEIS0354	NEIS0354,50,100.00,1284/1284,DNA
cgmlst-NEIS0355	NEIS0355,26,100.00,564/564,DNA
cgmlst-NEIS0356	NEIS0356,47,100.00,888/888,DNA
cgmlst-NEIS0357	NEIS0357,45,100.00,1362/1362,DNA
cgmlst-NEIS0358	NEIS0358,26,100.00,453/453,DNA
cgmlst-NEIS0360	NEIS0360,45,100.00,1041/1041,DNA
cgmlst-NEIS0361	NEIS0361,8,100.00,579/579,DNA
cgmlst-NEIS0362	NEIS0362,3,100.00,900/900,DNA
cgmlst-NEIS0363	NEIS0363,61,100.00,3216/3216,DNA
cgmlst-NEIS0366	NEIS0366,13,100.00,390/390,DNA
cgmlst-NEIS0367	NEIS0367,19,100.00,244/244,DNA
cgmlst-NEIS0368	NEIS0368,1,100.00,147/147,DNA
cgmlst-NEIS0370	NEIS0370,335,100.00,1134/1134,DNA
cgmlst-NEIS0372	NEIS0372,604,100.00,1080/1080,DNA
cgmlst-NEIS0373	NEIS0373,28,100.00,510/510,DNA
cgmlst-NEIS0374	NEIS0374,1,100.00,441/441,DNA
cgmlst-NEIS0375	NEIS0375,10,100.00,501/501,DNA
cgmlst-NEIS0376	NEIS0376,248,100.00,696/696,DNA
cgmlst-NEIS0377	NEIS0377,193,100.00,432/432,DNA
cgmlst-NEIS0378	NEIS0378,400,100.00,1677/1677,DNA
cgmlst-NEIS0379	NEIS0379,295,100.00,1092/1092,DNA
cgmlst-NEIS0380	NEIS0380,-,-,-,DNA
cgmlst-NEIS0381	NEIS0381,921,100.00,1299/1299,DNA
cgmlst-NEIS0382	NEIS0382,194,100.00,957/957,DNA
cgmlst-NEIS0383	NEIS0383,941,100.00,2790/2790,DNA
cgmlst-NEIS0384	NEIS0384,1,100.00,498/498,DNA
cgmlst-NEIS0385	NEIS0385,20,100.00,969/969,DNA
cgmlst-NEIS0386	NEIS0386,160,100.00,660/660,DNA
cgmlst-NEIS0389	NEIS0389,819,100.00,3435/3435,DNA
cgmlst-NEIS0390	NEIS0390,60,100.00,234/234,DNA
cgmlst-NEIS0392	NEIS0392,5,100.00,204/204,DNA
cgmlst-NEIS0394	NEIS0394,223,100.00,837/837,DNA
cgmlst-NEIS0395	NEIS0395,300,100.00,1293/1293,DNA
cgmlst-NEIS0396	NEIS0396,417,100.00,1911/1911,DNA
cgmlst-NEIS0397	NEIS0397,331,100.00,1176/1176,DNA
cgmlst-NEIS0402	NEIS0402,344,100.00,1422/1422,DNA
cgmlst-NEIS0403	NEIS0403,251,100.00,1110/1110,DNA
cgmlst-NEIS0404	NEIS0404,1,100.00,465/465,DNA
cgmlst-NEIS0405	NEIS0405,166,100.00,843/843,DNA
cgmlst-NEIS0406	NEIS0406,9,100.00,1080/1080,DNA
cgmlst-NEIS0407	NEIS0407,10,100.00,513/513,DNA
cgmlst-NEIS0408	NEIS0408,4,100.00,2286/2286,DNA
cgmlst-NEIS0409	NEIS0409,7,100.00,546/546,DNA
cgmlst-NEIS0410	NEIS0410,2,100.00,648/648,DNA
cgmlst-NEIS0411	NEIS0411,1,100.00,600/600,DNA
cgmlst-NEIS0412	NEIS0412,80,100.00,1116/1116,DNA
cgmlst-NEIS0414	NEIS0414,263,99.96,2397/2397,DNA
cgmlst-NEIS0415	NEIS0415,3,100.00,630/630,DNA
cgmlst-NEIS0416	NEIS0416,3,100.00,624/624,DNA
cgmlst-NEIS0417	NEIS0417,3,100.00,2016/2016,DNA
cgmlst-NEIS0418	NEIS0418,3,100.00,1188/1188,DNA
cgmlst-NEIS0419	NEIS0419,4,100.00,1065/1065,DNA
cgmlst-NEIS0421	NEIS0421,1,100.00,852/852,DNA
cgmlst-NEIS0422	NEIS0422,15,100.00,1170/1170,DNA
cgmlst-NEIS0425	NEIS0425,34,100.00,1410/1410,DNA
cgmlst-NEIS0426	NEIS0426,13,100.00,567/567,DNA
cgmlst-NEIS0427	NEIS0427,17,100.00,1317/1317,DNA
cgmlst-NEIS0428	NEIS0428,3,100.00,147/147,DNA
cgmlst-NEIS0429	NEIS0429,295,100.00,1323/1323,DNA
cgmlst-NEIS0430	NEIS0430,27,100.00,1494/1494,DNA
cgmlst-NEIS0431	NEIS0431,3,100.00,258/258,DNA
cgmlst-NEIS0432	NEIS0432,1,100.00,444/444,DNA
cgmlst-NEIS0433	NEIS0433,1177,99.95,2043/2043,DNA
cgmlst-NEIS0434	NEIS0434,521,100.00,1044/1044,DNA
cgmlst-NEIS0435	NEIS0435,7,100.00,294/294,DNA
cgmlst-NEIS0436	NEIS0436,13,100.00,1155/1155,DNA
cgmlst-NEIS0437	NEIS0437,6,100.00,219/219,DNA
cgmlst-NEIS0439	NEIS0439,20,100.00,627/627,DNA
cgmlst-NEIS0440	NEIS0440,1,100.00,303/303,DNA
cgmlst-NEIS0441	NEIS0441,1,100.00,171/171,DNA
cgmlst-NEIS0443	NEIS0443,286,100.00,1740/1740,DNA
cgmlst-NEIS0456	NEIS0456,78,100.00,969/969,DNA
cgmlst-NEIS0459	NEIS0459,4,100.00,459/459,DNA
cgmlst-NEIS0462	NEIS0462,80,100.00,1227/1227,DNA
cgmlst-NEIS0464	NEIS0464,1,100.00,660/660,DNA
cgmlst-NEIS0465	NEIS0465,1,100.00,516/516,DNA
cgmlst-NEIS0466	NEIS0466,10,100.00,423/423,DNA
cgmlst-NEIS0467	NEIS0467,9,100.00,372/372,DNA
cgmlst-NEIS0468	NEIS0468,22,100.00,639/639,DNA
cgmlst-NEIS0469	NEIS0469,1,100.00,1086/1086,DNA
cgmlst-NEIS0470	NEIS0470,1215,100.00,1521/1521,DNA
cgmlst-NEIS0471	NEIS0471,170,100.00,1500/1500,DNA
cgmlst-NEIS0472	NEIS0472,2,100.00,630/630,DNA
cgmlst-NEIS0473	NEIS0473,9,100.00,429/429,DNA
cgmlst-NEIS0474	NEIS0474,16,100.00,1224/1224,DNA
cgmlst-NEIS0475	NEIS0475,170,100.00,1380/1380,DNA
cgmlst-NEIS0476	NEIS0476,12,100.00,825/825,DNA
cgmlst-NEIS0477	NEIS0477,72,100.00,516/516,DNA
cgmlst-NEIS0478	NEIS0478,149,100.00,936/936,DNA
cgmlst-NEIS0479	NEIS0479,3,100.00,1194/1194,DNA
cgmlst-NEIS0480	NEIS0480,2,100.00,498/498,DNA
cgmlst-NEIS0481	NEIS0481,1,100.00,204/204,DNA
cgmlst-NEIS0482	NEIS0482,252,100.00,1587/1587,DNA
cgmlst-NEIS0483	NEIS0483,143,100.00,723/723,DNA
cgmlst-NEIS0484	NEIS0484,632,100.00,3486/3486,DNA
cgmlst-NEIS0486	NEIS0486,342,100.00,1047/1047,DNA
cgmlst-NEIS0487	NEIS0487,243,100.00,390/390,DNA
cgmlst-NEIS0488	NEIS0488,57,100.00,1179/1179,DNA
cgmlst-NEIS0489	NEIS0489,383,100.00,1935/1935,DNA
cgmlst-NEIS0490	NEIS0490,11,100.00,783/783,DNA
cgmlst-NEIS0491	NEIS0491,340,100.00,2190/2190,DNA
cgmlst-NEIS0493	NEIS0493,88,100.00,1113/1113,DNA
cgmlst-NEIS0495	NEIS0495,234,100.00,1929/1929,DNA
cgmlst-NEIS0496	NEIS0496,9,100.00,273/273,DNA
cgmlst-NEIS0497	NEIS0497,16,100.00,687/687,DNA
cgmlst-NEIS0498	NEIS0498,2,100.00,339/339,DNA
cgmlst-NEIS0499	NEIS0499,105,100.00,618/618,DNA
cgmlst-NEIS0500	NEIS0500,155,100.00,1512/1512,DNA
cgmlst-NEIS0501	NEIS0501,5,100.00,819/819,DNA
cgmlst-NEIS0502	NEIS0502,1,100.00,579/579,DNA
cgmlst-NEIS0503	NEIS0503,1,100.00,216/216,DNA
cgmlst-NEIS0504	NEIS0504,31,100.00,1056/1056,DNA
cgmlst-NEIS0505	NEIS0505,7,100.00,1218/1218,DNA
cgmlst-NEIS0506	NEIS0506,6,100.00,594/594,DNA
cgmlst-NEIS0507	NEIS0507,5,100.00,627/627,DNA
cgmlst-NEIS0508	NEIS0508,33,100.00,777/777,DNA
cgmlst-NEIS0509	NEIS0509,22,100.00,1233/1233,DNA
cgmlst-NEIS0510	NEIS0510,1,100.00,1344/1344,DNA
cgmlst-NEIS0512	NEIS0512,9,100.00,1422/1422,DNA
cgmlst-NEIS0513	NEIS0513,8,100.00,360/360,DNA
cgmlst-NEIS0514	NEIS0514,9,100.00,606/606,DNA
cgmlst-NEIS0515	NEIS0515,1,100.00,483/483,DNA
cgmlst-NEIS0516	NEIS0516,202,100.00,1101/1101,DNA
cgmlst-NEIS0517	NEIS0517,1,100.00,387/387,DNA
cgmlst-NEIS0518	NEIS0518,195,100.00,1248/1248,DNA
cgmlst-NEIS0519	NEIS0519,3,100.00,573/573,DNA
cgmlst-NEIS0520	NEIS0520,399,100.00,1020/1020,DNA
cgmlst-NEIS0521	NEIS0521,75,100.00,621/621,DNA
cgmlst-NEIS0522	NEIS0522,82,100.00,495/495,DNA
cgmlst-NEIS0523	NEIS0523,222,100.00,1662/1662,DNA
cgmlst-NEIS0524	NEIS0524,?,-,-,DNA
cgmlst-NEIS0528	NEIS0528,211,100.00,915/915,DNA
cgmlst-NEIS0529	NEIS0529,182,100.00,876/876,DNA
cgmlst-NEIS0530	NEIS0530,100,100.00,756/756,DNA
cgmlst-NEIS0531	NEIS0531,14,100.00,366/366,DNA
cgmlst-NEIS0532	NEIS0532,112,100.00,750/750,DNA
cgmlst-NEIS0533	NEIS0533,25,100.00,510/510,DNA
cgmlst-NEIS0534	NEIS0534,2,100.00,246/246,DNA
cgmlst-NEIS0535	NEIS0535,288,100.00,2427/2427,DNA
cgmlst-NEIS0536	NEIS0536,227,100.00,1407/1407,DNA
cgmlst-NEIS0537	NEIS0537,2,100.00,678/678,DNA
cgmlst-NEIS0539	NEIS0539,44,100.00,1815/1815,DNA
cgmlst-NEIS0540	NEIS0540,10,100.00,354/354,DNA
cgmlst-NEIS0541	NEIS0541,15,100.00,606/606,DNA
cgmlst-NEIS0542	NEIS0542,172,100.00,771/771,DNA
cgmlst-NEIS0543	NEIS0543,30,100.00,687/687,DNA
cgmlst-NEIS0545	NEIS0545,95,100.00,324/324,DNA
cgmlst-NEIS0546	NEIS0546,1,100.00,324/324,DNA
cgmlst-NEIS0547	NEIS0547,247,100.00,1065/1065,DNA
cgmlst-NEIS0548	NEIS0548,126,100.00,1110/1110,DNA
cgmlst-NEIS0549	NEIS0549,1,100.00,267/267,DNA
cgmlst-NEIS0550	NEIS0550,55,100.00,1857/1857,DNA
cgmlst-NEIS0551	NEIS0551,29,100.00,936/936,DNA
cgmlst-NEIS0552	NEIS0552,1,100.00,270/270,DNA
cgmlst-NEIS0553	NEIS0553,12,100.00,1125/1125,DNA
cgmlst-NEIS0554	NEIS0554,5,100.00,966/966,DNA
cgmlst-NEIS0555	NEIS0555,12,100.00,888/888,DNA
cgmlst-NEIS0556	NEIS0556,148,100.00,1296/1296,DNA
cgmlst-NEIS0557	NEIS0557,1,100.00,1305/1305,DNA
cgmlst-NEIS0560	NEIS0560,184,100.00,1260/1260,DNA
cgmlst-NEIS0561	NEIS0561,33,100.00,2385/2385,DNA
cgmlst-NEIS0562	NEIS0562,23,100.00,822/822,DNA
cgmlst-NEIS0563	NEIS0563,11,100.00,663/663,DNA
cgmlst-NEIS0565	NEIS0565,30,100.00,828/828,DNA
cgmlst-NEIS0566	NEIS0566,1,100.00,624/624,DNA
cgmlst-NEIS0567	NEIS0567,244,100.00,1140/1140,DNA
cgmlst-NEIS0568	NEIS0568,524,99.14,936/1068,DNA
cgmlst-NEIS0569	NEIS0569,3,100.00,531/531,DNA
cgmlst-NEIS0570	NEIS0570,13,100.00,1596/1596,DNA
cgmlst-NEIS0571	NEIS0571,3,100.00,396/396,DNA
cgmlst-NEIS0572	NEIS0572,2,100.00,768/768,DNA
cgmlst-NEIS0573	NEIS0573,49,100.00,738/738,DNA
cgmlst-NEIS0574	NEIS0574,10,100.00,639/639,DNA
cgmlst-NEIS0575	NEIS0575,174,100.00,1503/1503,DNA
cgmlst-NEIS0576	NEIS0576,17,100.00,1059/1059,DNA
cgmlst-NEIS0577	NEIS0577,5,100.00,1518/1518,DNA
cgmlst-NEIS0578	NEIS0578,14,100.00,996/996,DNA
cgmlst-NEIS0579	NEIS0579,91,99.57,467/466,DNA
cgmlst-NEIS0580	NEIS0580,258,100.00,1377/1377,DNA
cgmlst-NEIS0581	NEIS0581,160,100.00,870/870,DNA
cgmlst-NEIS0582	NEIS0582,187,100.00,600/600,DNA
cgmlst-NEIS0583	NEIS0583,1,100.00,234/234,DNA
cgmlst-NEIS0584	NEIS0584,1,100.00,534/534,DNA
cgmlst-NEIS0585	NEIS0585,1,100.00,459/459,DNA
cgmlst-NEIS0586	NEIS0586,192,100.00,1833/1833,DNA
cgmlst-NEIS0593	NEIS0593,10,100.00,246/246,DNA
cgmlst-NEIS0595	NEIS0595,7,100.00,390/390,DNA
cgmlst-NEIS0599	NEIS0599,1,100.00,678/678,DNA
cgmlst-NEIS0601	NEIS0601,40,100.00,678/678,DNA
cgmlst-NEIS0608	NEIS0608,5,100.00,390/390,DNA
cgmlst-NEIS0609	NEIS0609,5,100.00,1458/1458,DNA
cgmlst-NEIS0610	NEIS0610,4,100.00,891/891,DNA
cgmlst-NEIS0611	NEIS0611,1,100.00,390/390,DNA
cgmlst-NEIS0612	NEIS0612,22,100.00,525/525,DNA
cgmlst-NEIS0613	NEIS0613,514,100.00,1176/1176,DNA
cgmlst-NEIS0614	NEIS0614,50,100.00,2526/2526,DNA
cgmlst-NEIS0615	NEIS0615,72,100.00,1287/1287,DNA
cgmlst-NEIS0617	NEIS0617,13,100.00,573/573,DNA
cgmlst-NEIS0618	NEIS0618,387,100.00,996/996,DNA
cgmlst-NEIS0619	NEIS0619,131,100.00,621/621,DNA
cgmlst-NEIS0620	NEIS0620,264,100.00,1281/1281,DNA
cgmlst-NEIS0621	NEIS0621,145,100.00,1035/1035,DNA
cgmlst-NEIS0622	NEIS0622,71,100.00,588/588,DNA
cgmlst-NEIS0623	NEIS0623,5,100.00,183/183,DNA
cgmlst-NEIS0624	NEIS0624,186,100.00,762/762,DNA
cgmlst-NEIS0625	NEIS0625,3,100.00,402/402,DNA
cgmlst-NEIS0626	NEIS0626,1,100.00,198/198,DNA
cgmlst-NEIS0627	NEIS0627,1,100.00,117/117,DNA
cgmlst-NEIS0628	NEIS0628,20,100.00,786/786,DNA
cgmlst-NEIS0629	NEIS0629,15,100.00,873/873,DNA
cgmlst-NEIS0630	NEIS0630,13,100.00,624/624,DNA
cgmlst-NEIS0631	NEIS0631,4,100.00,225/225,DNA
cgmlst-NEIS0633	NEIS0633,16,100.00,1035/1035,DNA
cgmlst-NEIS0634	NEIS0634,16,100.00,426/426,DNA
cgmlst-NEIS0635	NEIS0635,11,100.00,477/477,DNA
cgmlst-NEIS0636	NEIS0636,1,100.00,324/324,DNA
cgmlst-NEIS0637	NEIS0637,74,100.00,804/804,DNA
cgmlst-NEIS0638	NEIS0638,123,100.00,924/924,DNA
cgmlst-NEIS0639	NEIS0639,14,100.00,627/627,DNA
cgmlst-NEIS0640	NEIS0640,22,100.00,492/492,DNA
cgmlst-NEIS0641	NEIS0641,219,100.00,1545/1545,DNA
cgmlst-NEIS0642	NEIS0642,9,100.00,498/498,DNA
cgmlst-NEIS0643	NEIS0643,2,100.00,999/999,DNA
cgmlst-NEIS0644	NEIS0644,33,100.00,1275/1275,DNA
cgmlst-NEIS0645	NEIS0645,12,100.00,447/447,DNA
cgmlst-NEIS0646	NEIS0646,1,100.00,375/375,DNA
cgmlst-NEIS0647	NEIS0647,162,100.00,750/750,DNA
cgmlst-NEIS0648	NEIS0648,174,100.00,780/780,DNA
cgmlst-NEIS0649	NEIS0649,75,100.00,696/696,DNA
cgmlst-NEIS0650	NEIS0650,189,100.00,1203/1203,DNA
cgmlst-NEIS0651	NEIS0651,3162,97.92,3994/4638,DNA
cgmlst-NEIS0652	NEIS0652,325,100.00,2076/2076,DNA
cgmlst-NEIS0653	NEIS0653,45,100.00,804/804,DNA
cgmlst-NEIS0654	NEIS0654,164,100.00,1125/1125,DNA
cgmlst-NEIS0655	NEIS0655,120,100.00,993/993,DNA
cgmlst-NEIS0656	NEIS0656,175,100.00,780/780,DNA
cgmlst-NEIS0657	NEIS0657,64,100.00,480/480,DNA
cgmlst-NEIS0658	NEIS0658,182,100.00,999/999,DNA
cgmlst-NEIS0659	NEIS0659,3,100.00,420/420,DNA
cgmlst-NEIS0660	NEIS0660,31,100.00,567/567,DNA
cgmlst-NEIS0661	NEIS0661,17,100.00,885/885,DNA
cgmlst-NEIS0663	NEIS0663,1,100.00,873/873,DNA
cgmlst-NEIS0664	NEIS0664,57,100.00,1545/1545,DNA
cgmlst-NEIS0665	NEIS0665,19,100.00,756/756,DNA
cgmlst-NEIS0666	NEIS0666,1,100.00,321/321,DNA
cgmlst-NEIS0667	NEIS0667,12,100.00,291/291,DNA
cgmlst-NEIS0668	NEIS0668,1,100.00,402/402,DNA
cgmlst-NEIS0669	NEIS0669,110,100.00,1011/1011,DNA
cgmlst-NEIS0671	NEIS0671,126,100.00,1116/1116,DNA
cgmlst-NEIS0672	NEIS0672,153,100.00,1947/1947,DNA
cgmlst-NEIS0673	NEIS0673,63,100.00,468/468,DNA
cgmlst-NEIS0674	NEIS0674,3,100.00,198/198,DNA
cgmlst-NEIS0675	NEIS0675,19,100.00,360/360,DNA
cgmlst-NEIS0676	NEIS0676,135,100.00,993/993,DNA
cgmlst-NEIS0681	NEIS0681,313,100.00,2364/2364,DNA
cgmlst-NEIS0682	NEIS0682,1,100.00,303/303,DNA
cgmlst-NEIS0683	NEIS0683,6,100.00,309/309,DNA
cgmlst-NEIS0684	NEIS0684,5,100.00,486/486,DNA
cgmlst-NEIS0685	NEIS0685,590,100.00,1302/1302,DNA
cgmlst-NEIS0686	NEIS0686,97,100.00,648/648,DNA
cgmlst-NEIS0687	NEIS0687,67,100.00,525/525,DNA
cgmlst-NEIS0688	NEIS0688,19,100.00,891/891,DNA
cgmlst-NEIS0689	NEIS0689,136,100.00,450/450,DNA
cgmlst-NEIS0690	NEIS0690,43,100.00,963/963,DNA
cgmlst-NEIS0691	NEIS0691,22,100.00,855/855,DNA
cgmlst-NEIS0692	NEIS0692,183,100.00,942/942,DNA
cgmlst-NEIS0693	NEIS0693,321,100.00,603/603,DNA
cgmlst-NEIS0694	NEIS0694,67,100.00,1674/1674,DNA
cgmlst-NEIS0695	NEIS0695,44,99.94,1620/1620,DNA
cgmlst-NEIS0696	NEIS0696,2,100.00,369/369,DNA
cgmlst-NEIS0697	NEIS0697,67,100.00,738/738,DNA
cgmlst-NEIS0698	NEIS0698,88,100.00,480/480,DNA
cgmlst-NEIS0699	NEIS0699,156,100.00,495/495,DNA
cgmlst-NEIS0700	NEIS0700,90,100.00,375/375,DNA
cgmlst-NEIS0701	NEIS0701,102,100.00,567/567,DNA
cgmlst-NEIS0702	NEIS0702,3,100.00,294/294,DNA
cgmlst-NEIS0703	NEIS0703,120,100.00,951/951,DNA
cgmlst-NEIS0704	NEIS0704,15,100.00,504/504,DNA
cgmlst-NEIS0705	NEIS0705,1,100.00,876/876,DNA
cgmlst-NEIS0706	NEIS0706,5,100.00,201/201,DNA
cgmlst-NEIS0707	NEIS0707,1,100.00,234/234,DNA
cgmlst-NEIS0708	NEIS0708,146,100.00,864/864,DNA
cgmlst-NEIS0709	NEIS0709,112,100.00,864/864,DNA
cgmlst-NEIS0710	NEIS0710,287,100.00,2121/2121,DNA
cgmlst-NEIS0711	NEIS0711,22,100.00,669/669,DNA
cgmlst-NEIS0712	NEIS0712,108,100.00,297/297,DNA
cgmlst-NEIS0713	NEIS0713,104,100.00,852/852,DNA
cgmlst-NEIS0714	NEIS0714,4,100.00,606/606,DNA
cgmlst-NEIS0715	NEIS0715,1,100.00,987/987,DNA
cgmlst-NEIS0717	NEIS0717,5,100.00,975/975,DNA
cgmlst-NEIS0718	NEIS0718,382,100.00,1020/1020,DNA
cgmlst-NEIS0719	NEIS0719,98,100.00,1794/1794,DNA
cgmlst-NEIS0720	NEIS0720,324,100.00,702/702,DNA
cgmlst-NEIS0721	NEIS0721,3,100.00,1113/1113,DNA
cgmlst-NEIS0722	NEIS0722,7,100.00,978/978,DNA
cgmlst-NEIS0723	NEIS0723,3,100.00,351/351,DNA
cgmlst-NEIS0724	NEIS0724,38,100.00,780/780,DNA
cgmlst-NEIS0726	NEIS0726,3,100.00,312/312,DNA
cgmlst-NEIS0727	NEIS0727,141,100.00,627/627,DNA
cgmlst-NEIS0728	NEIS0728,4,100.00,321/321,DNA
cgmlst-NEIS0729	NEIS0729,159,100.00,423/423,DNA
cgmlst-NEIS0730	NEIS0730,4,100.00,741/741,DNA
cgmlst-NEIS0731	NEIS0731,4,100.00,1275/1275,DNA
cgmlst-NEIS0732	NEIS0732,1,100.00,1218/1218,DNA
cgmlst-NEIS0733	NEIS0733,47,100.00,1065/1065,DNA
cgmlst-NEIS0734	NEIS0734,15,100.00,1395/1395,DNA
cgmlst-NEIS0735	NEIS0735,15,100.00,480/480,DNA
cgmlst-NEIS0736	NEIS0736,37,99.72,360/360,DNA
cgmlst-NEIS0737	NEIS0737,405,100.00,3615/3615,DNA
cgmlst-NEIS0738	NEIS0738,8,100.00,1119/1119,DNA
cgmlst-NEIS0739	NEIS0739,11,100.00,828/828,DNA
cgmlst-NEIS0741	NEIS0741,116,100.00,717/717,DNA
cgmlst-NEIS0742	NEIS0742,1,100.00,756/756,DNA
cgmlst-NEIS0743	NEIS0743,223,100.00,1383/1383,DNA
cgmlst-NEIS0744	NEIS0744,5,100.00,510/510,DNA
cgmlst-NEIS0745	NEIS0745,6,100.00,1416/1416,DNA
cgmlst-NEIS0746	NEIS0746,6,100.00,324/324,DNA
cgmlst-NEIS0747	NEIS0747,10,100.00,579/579,DNA
cgmlst-NEIS0748	NEIS0748,3,100.00,279/279,DNA
cgmlst-NEIS0749	NEIS0749,59,100.00,444/444,DNA
cgmlst-NEIS0750	NEIS0750,75,100.00,1968/1968,DNA
cgmlst-NEIS0751	NEIS0751,16,100.00,621/621,DNA
cgmlst-NEIS0752	NEIS0752,1,100.00,321/321,DNA
cgmlst-NEIS0753	NEIS0753,137,100.00,1017/1017,DNA
cgmlst-NEIS0754	NEIS0754,5,100.00,1158/1158,DNA
cgmlst-NEIS0755	NEIS0755,155,100.00,774/774,DNA
cgmlst-NEIS0756	NEIS0756,4,100.00,666/666,DNA
cgmlst-NEIS0757	NEIS0757,145,100.00,759/759,DNA
cgmlst-NEIS0758	NEIS0758,4,100.00,891/891,DNA
cgmlst-NEIS0759	NEIS0759,12,100.00,567/567,DNA
cgmlst-NEIS0760	NEIS0760,12,100.00,777/777,DNA
cgmlst-NEIS0761	NEIS0761,1,100.00,651/651,DNA
cgmlst-NEIS0762	NEIS0762,209,100.00,1041/1041,DNA
cgmlst-NEIS0763	NEIS0763,38,100.00,1380/1380,DNA
cgmlst-NEIS0764	NEIS0764,27,100.00,1152/1152,DNA
cgmlst-NEIS0765	NEIS0765,21,100.00,1305/1305,DNA
cgmlst-NEIS0766	NEIS0766,67,100.00,840/840,DNA
cgmlst-NEIS0767	NEIS0767,10,100.00,648/648,DNA
cgmlst-NEIS0768	NEIS0768,16,100.00,741/741,DNA
cgmlst-NEIS0769	NEIS0769,2,100.00,972/972,DNA
cgmlst-NEIS0771	NEIS0771,2,100.00,1236/1236,DNA
cgmlst-NEIS0772	NEIS0772,2,100.00,1119/1119,DNA
cgmlst-NEIS0773	NEIS0773,2,100.00,1005/1005,DNA
cgmlst-NEIS0774	NEIS0774,401,100.00,2280/2280,DNA
cgmlst-NEIS0775	NEIS0775,60,100.00,303/303,DNA
cgmlst-NEIS0776	NEIS0776,42,100.00,204/204,DNA
cgmlst-NEIS0777	NEIS0777,206,100.00,1332/1332,DNA
cgmlst-NEIS0778	NEIS0778,17,100.00,507/507,DNA
cgmlst-NEIS0779	NEIS0779,141,100.00,717/717,DNA
cgmlst-NEIS0780	NEIS0780,290,100.00,1701/1701,DNA
cgmlst-NEIS0781	NEIS0781,246,100.00,1362/1362,DNA
cgmlst-NEIS0782	NEIS0782,1,100.00,327/327,DNA
cgmlst-NEIS0784	NEIS0784,21,100.00,954/954,DNA
cgmlst-NEIS0785	NEIS0785,8,100.00,1201/1201,DNA
cgmlst-NEIS0788	NEIS0788,22,100.00,705/705,DNA
cgmlst-NEIS0789	NEIS0789,12,100.00,567/567,DNA
cgmlst-NEIS0790	NEIS0790,13,100.00,416/416,DNA
cgmlst-NEIS0791	NEIS0791,35,100.00,900/900,DNA
cgmlst-NEIS0792	NEIS0792,43,100.00,1458/1458,DNA
cgmlst-NEIS0793	NEIS0793,34,100.00,630/630,DNA
cgmlst-NEIS0794	NEIS0794,16,100.00,1296/1296,DNA
cgmlst-NEIS0795	NEIS0795,1,100.00,657/657,DNA
cgmlst-NEIS0807	NEIS0807,29,100.00,870/870,DNA
cgmlst-NEIS0808	NEIS0808,207,100.00,924/924,DNA
cgmlst-NEIS0809	NEIS0809,168,100.00,642/642,DNA
cgmlst-NEIS0810	NEIS0810,190,100.00,792/792,DNA
cgmlst-NEIS0811	NEIS0811,214,100.00,792/792,DNA
cgmlst-NEIS0812	NEIS0812,151,100.00,837/837,DNA
cgmlst-NEIS0813	NEIS0813,73,100.00,1839/1839,DNA
cgmlst-NEIS0814	NEIS0814,13,100.00,582/582,DNA
cgmlst-NEIS0815	NEIS0815,27,100.00,846/846,DNA
cgmlst-NEIS0816	NEIS0816,18,100.00,984/984,DNA
cgmlst-NEIS0817	NEIS0817,151,100.00,573/573,DNA
cgmlst-NEIS0818	NEIS0818,179,100.00,1170/1170,DNA
cgmlst-NEIS0819	NEIS0819,50,100.00,1527/1527,DNA
cgmlst-NEIS0820	NEIS0820,12,100.00,1074/1074,DNA
cgmlst-NEIS0821	NEIS0821,33,100.00,861/861,DNA
cgmlst-NEIS0822	NEIS0822,19,100.00,837/837,DNA
cgmlst-NEIS0823	NEIS0823,6,100.00,333/333,DNA
cgmlst-NEIS0824	NEIS0824,1,100.00,510/510,DNA
cgmlst-NEIS0825	NEIS0825,290,100.00,588/588,DNA
cgmlst-NEIS0826	NEIS0826,267,100.00,1407/1407,DNA
cgmlst-NEIS0827	NEIS0827,69,100.00,714/714,DNA
cgmlst-NEIS0828	NEIS0828,7,100.00,621/621,DNA
cgmlst-NEIS0829	NEIS0829,292,100.00,966/966,DNA
cgmlst-NEIS0830	NEIS0830,171,100.00,600/600,DNA
cgmlst-NEIS0831	NEIS0831,79,100.00,489/489,DNA
cgmlst-NEIS0833	NEIS0833,4,100.00,453/453,DNA
cgmlst-NEIS0834	NEIS0834,255,100.00,1188/1188,DNA
cgmlst-NEIS0835	NEIS0835,167,100.00,780/780,DNA
cgmlst-NEIS0897	NEIS0897,353,100.00,2226/2226,DNA
cgmlst-NEIS0899	NEIS0899,18,100.00,1116/1116,DNA
cgmlst-NEIS0900	NEIS0900,11,100.00,459/459,DNA
cgmlst-NEIS0901	NEIS0901,106,100.00,822/822,DNA
cgmlst-NEIS0902	NEIS0902,70,100.00,447/447,DNA
cgmlst-NEIS0905	NEIS0905,284,100.00,936/936,DNA
cgmlst-NEIS0906	NEIS0906,242,100.00,1197/1197,DNA
cgmlst-NEIS0907	NEIS0907,193,100.00,876/876,DNA
cgmlst-NEIS0908	NEIS0908,?,-,-,DNA
cgmlst-NEIS0909	NEIS0909,1,100.00,753/753,DNA
cgmlst-NEIS0910	NEIS0910,1,100.00,489/489,DNA
cgmlst-NEIS0911	NEIS0911,1,100.00,720/720,DNA
cgmlst-NEIS0912	NEIS0912,1,100.00,942/942,DNA
cgmlst-NEIS0913	NEIS0913,1,99.85,1374/1374,DNA
cgmlst-NEIS0915	NEIS0915,1,100.00,561/561,DNA
cgmlst-NEIS0916	NEIS0916,1,100.00,846/846,DNA
cgmlst-NEIS0917	NEIS0917,1,100.00,591/591,DNA
cgmlst-NEIS0918	NEIS0918,182,100.00,1140/1140,DNA
cgmlst-NEIS0919	NEIS0919,8,100.00,126/126,DNA
cgmlst-NEIS0920	NEIS0920,117,100.00,276/276,DNA
cgmlst-NEIS0921	NEIS0921,5,100.00,879/879,DNA
cgmlst-NEIS0922	NEIS0922,7,100.00,2277/2277,DNA
cgmlst-NEIS0923	NEIS0923,4,100.00,738/738,DNA
cgmlst-NEIS0924	NEIS0924,91,100.00,1404/1404,DNA
cgmlst-NEIS0925	NEIS0925,11,100.00,378/378,DNA
cgmlst-NEIS0926	NEIS0926,54,100.00,342/342,DNA
cgmlst-NEIS0927	NEIS0927,260,100.00,1764/1764,DNA
cgmlst-NEIS0928	NEIS0928,82,100.00,708/708,DNA
cgmlst-NEIS0929	NEIS0929,1,100.00,249/249,DNA
cgmlst-NEIS0930	NEIS0930,236,100.00,1284/1284,DNA
cgmlst-NEIS0931	NEIS0931,374,100.00,2829/2829,DNA
cgmlst-NEIS0932	NEIS0932,126,100.00,1182/1182,DNA
cgmlst-NEIS0933	NEIS0933,253,100.00,1434/1434,DNA
cgmlst-NEIS0934	NEIS0934,2,100.00,288/288,DNA
cgmlst-NEIS0935	NEIS0935,136,100.00,1167/1167,DNA
cgmlst-NEIS0936	NEIS0936,116,100.00,891/891,DNA
cgmlst-NEIS0941	NEIS0941,1226,100.00,2853/2853,DNA
cgmlst-NEIS0942	NEIS0942,33,100.00,798/798,DNA
cgmlst-NEIS0944	NEIS0944,2,100.00,2295/2295,DNA
cgmlst-NEIS0947	NEIS0947,2,100.00,591/591,DNA
cgmlst-NEIS0948	NEIS0948,2,100.00,1059/1059,DNA
cgmlst-NEIS0950	NEIS0950,-,-,-,DNA
cgmlst-NEIS0951	NEIS0951,?,-,-,DNA
cgmlst-NEIS0952	NEIS0952,8,100.00,198/198,DNA
cgmlst-NEIS0953	NEIS0953,64,100.00,285/285,DNA
cgmlst-NEIS0954	NEIS0954,4,100.00,279/279,DNA
cgmlst-NEIS0957	NEIS0957,14,100.00,561/561,DNA
cgmlst-NEIS0958	NEIS0958,1,100.00,1386/1386,DNA
cgmlst-NEIS0959	NEIS0959,10,100.00,384/384,DNA
cgmlst-NEIS0960	NEIS0960,24,100.00,1542/1542,DNA
cgmlst-NEIS0961	NEIS0961,167,100.00,834/834,DNA
cgmlst-NEIS0962	NEIS0962,66,99.36,1243/1243,DNA
cgmlst-NEIS0963	NEIS0963,228,100.00,1581/1581,DNA
cgmlst-NEIS0965	NEIS0965,13,100.00,435/435,DNA
cgmlst-NEIS0966	NEIS0966,36,100.00,438/438,DNA
cgmlst-NEIS0967	NEIS0967,14,100.00,543/543,DNA
cgmlst-NEIS0969	NEIS0969,1,100.00,138/138,DNA
cgmlst-NEIS0970	NEIS0970,1,100.00,237/237,DNA
cgmlst-NEIS0971	NEIS0971,69,100.00,411/411,DNA
cgmlst-NEIS0973	NEIS0973,1,100.00,171/171,DNA
cgmlst-NEIS0974	NEIS0974,16,100.00,219/219,DNA
cgmlst-NEIS0975	NEIS0975,7,100.00,339/339,DNA
cgmlst-NEIS0978	NEIS0978,31,100.00,1788/1788,DNA
cgmlst-NEIS0980	NEIS0980,10,100.00,207/207,DNA
cgmlst-NEIS0981	NEIS0981,35,100.00,1092/1092,DNA
cgmlst-NEIS0982	NEIS0982,118,100.00,549/549,DNA
cgmlst-NEIS0983	NEIS0983,3,100.00,372/372,DNA
cgmlst-NEIS0984	NEIS0984,76,100.00,1692/1692,DNA
cgmlst-NEIS0985	NEIS0985,839,100.00,3921/3921,DNA
cgmlst-NEIS0986	NEIS0986,9,100.00,1002/1002,DNA
cgmlst-NEIS0989	NEIS0989,6,100.00,264/264,DNA
cgmlst-NEIS0992	NEIS0992,8,100.00,576/576,DNA
cgmlst-NEIS0993	NEIS0993,-,-,-,DNA
cgmlst-NEIS0995	NEIS0995,-,-,-,DNA
cgmlst-NEIS0996	NEIS0996,-,-,-,DNA
cgmlst-NEIS1002	NEIS1002,4,100.00,504/504,DNA
cgmlst-NEIS1005	NEIS1005,24,100.00,411/411,DNA
cgmlst-NEIS1007	NEIS1007,5,100.00,606/606,DNA
cgmlst-NEIS1009	NEIS1009,101,100.00,1056/1056,DNA
cgmlst-NEIS1010	NEIS1010,19,100.00,483/483,DNA
cgmlst-NEIS1011	NEIS1011,168,100.00,1137/1137,DNA
cgmlst-NEIS1012	NEIS1012,1,100.00,546/546,DNA
cgmlst-NEIS1013	NEIS1013,49,100.00,1476/1476,DNA
cgmlst-NEIS1015	NEIS1015,43,100.00,1911/1911,DNA
cgmlst-NEIS1016	NEIS1016,7,100.00,645/645,DNA
cgmlst-NEIS1017	NEIS1017,36,100.00,1251/1251,DNA
cgmlst-NEIS1018	NEIS1018,6,100.00,1776/1776,DNA
cgmlst-NEIS1020	NEIS1020,1,100.00,228/228,DNA
cgmlst-NEIS1021	NEIS1021,47,100.00,219/219,DNA
cgmlst-NEIS1022	NEIS1022,86,100.00,975/975,DNA
cgmlst-NEIS1024	NEIS1024,4,100.00,846/846,DNA
cgmlst-NEIS1026	NEIS1026,33,100.00,603/603,DNA
cgmlst-NEIS1027	NEIS1027,123,100.00,357/357,DNA
cgmlst-NEIS1028	NEIS1028,13,100.00,537/537,DNA
cgmlst-NEIS1029	NEIS1029,207,100.00,360/360,DNA
cgmlst-NEIS1030	NEIS1030,18,100.00,681/681,DNA
cgmlst-NEIS1031	NEIS1031,805,100.00,3033/3033,DNA
cgmlst-NEIS1032	NEIS1032,158,100.00,1263/1263,DNA
cgmlst-NEIS1033	NEIS1033,1,100.00,1110/1110,DNA
cgmlst-NEIS1034	NEIS1034,269,100.00,1554/1554,DNA
cgmlst-NEIS1035	NEIS1035,96,100.00,663/663,DNA
cgmlst-NEIS1036	NEIS1036,10,100.00,852/852,DNA
cgmlst-NEIS1037	NEIS1037,84,100.00,1131/1131,DNA
cgmlst-NEIS1038	NEIS1038,52,100.00,897/897,DNA
cgmlst-NEIS1039	NEIS1039,42,100.00,669/669,DNA
cgmlst-NEIS1040	NEIS1040,15,100.00,732/732,DNA
cgmlst-NEIS1041	NEIS1041,14,97.03,606/618,DNA
cgmlst-NEIS1058	NEIS1058,-,-,-,DNA
cgmlst-NEIS1059	NEIS1059,-,-,-,DNA
cgmlst-NEIS1060	NEIS1060,-,-,-,DNA
cgmlst-NEIS1062	NEIS1062,29,99.48,1150/1150,DNA
cgmlst-NEIS1063	NEIS1063,1,100.00,648/648,DNA
cgmlst-NEIS1065	NEIS1065,2,100.00,372/372,DNA
cgmlst-NEIS1066	NEIS1066,11,100.00,672/672,DNA
cgmlst-NEIS1067	NEIS1067,17,100.00,720/720,DNA
cgmlst-NEIS1068	NEIS1068,171,100.00,1314/1314,DNA
cgmlst-NEIS1069	NEIS1069,120,100.00,873/873,DNA
cgmlst-NEIS1070	NEIS1070,251,100.00,2010/2010,DNA
cgmlst-NEIS1071	NEIS1071,75,100.00,564/564,DNA
cgmlst-NEIS1072	NEIS1072,1,100.00,516/516,DNA
cgmlst-NEIS1073	NEIS1073,118,100.00,342/342,DNA
cgmlst-NEIS1074	NEIS1074,433,97.48,555/555,DNA
cgmlst-NEIS1076	NEIS1076,10,100.00,198/198,DNA
cgmlst-NEIS1077	NEIS1077,15,100.00,402/402,DNA
cgmlst-NEIS1078	NEIS1078,179,100.00,960/960,DNA
cgmlst-NEIS1080	NEIS1080,24,100.00,1338/1338,DNA
cgmlst-NEIS1081	NEIS1081,151,100.00,786/786,DNA
cgmlst-NEIS1082	NEIS1082,52,100.00,237/237,DNA
cgmlst-NEIS1083	NEIS1083,?,-,-,DNA
cgmlst-NEIS1084	NEIS1084,2,100.00,306/306,DNA
cgmlst-NEIS1085	NEIS1085,42,100.00,1377/1377,DNA
cgmlst-NEIS1087	NEIS1087,119,100.00,1251/1251,DNA
cgmlst-NEIS1088	NEIS1088,291,96.86,636/636,DNA
cgmlst-NEIS1089	NEIS1089,15,100.00,240/240,DNA
cgmlst-NEIS1090	NEIS1090,272,100.00,1860/1860,DNA
cgmlst-NEIS1091	NEIS1091,201,100.00,1770/1770,DNA
cgmlst-NEIS1092	NEIS1092,100,100.00,1833/1833,DNA
cgmlst-NEIS1093	NEIS1093,123,100.00,1287/1287,DNA
cgmlst-NEIS1094	NEIS1094,131,100.00,924/924,DNA
cgmlst-NEIS1095	NEIS1095,5,100.00,741/741,DNA
cgmlst-NEIS1096	NEIS1096,202,100.00,1452/1452,DNA
cgmlst-NEIS1097	NEIS1097,29,100.00,657/657,DNA
cgmlst-NEIS1098	NEIS1098,89,100.00,891/891,DNA
cgmlst-NEIS1099	NEIS1099,265,100.00,1812/1812,DNA
cgmlst-NEIS1102	NEIS1102,1,100.00,2376/2376,DNA
cgmlst-NEIS1103	NEIS1103,234,100.00,1464/1464,DNA
cgmlst-NEIS1104	NEIS1104,65,100.00,2559/2559,DNA
cgmlst-NEIS1106	NEIS1106,2,100.00,321/321,DNA
cgmlst-NEIS1107	NEIS1107,62,100.00,474/474,DNA
cgmlst-NEIS1108	NEIS1108,65,100.00,465/465,DNA
cgmlst-NEIS1110	NEIS1110,133,100.00,1071/1071,DNA
cgmlst-NEIS1111	NEIS1111,27,100.00,573/573,DNA
cgmlst-NEIS1112	NEIS1112,14,100.00,276/276,DNA
cgmlst-NEIS1113	NEIS1113,40,100.00,1071/1071,DNA
cgmlst-NEIS1114	NEIS1114,39,100.00,948/948,DNA
cgmlst-NEIS1115	NEIS1115,13,100.00,420/420,DNA
cgmlst-NEIS1116	NEIS1116,45,100.00,660/660,DNA
cgmlst-NEIS1124	NEIS1124,11,100.00,402/402,DNA
cgmlst-NEIS1125	NEIS1125,10,100.00,516/516,DNA
cgmlst-NEIS1126	NEIS1126,266,100.00,1923/1923,DNA
cgmlst-NEIS1127	NEIS1127,6,100.00,432/432,DNA
cgmlst-NEIS1128	NEIS1128,212,100.00,1308/1308,DNA
cgmlst-NEIS1129	NEIS1129,4,100.00,435/435,DNA
cgmlst-NEIS1130	NEIS1130,5,100.00,270/270,DNA
cgmlst-NEIS1131	NEIS1131,3,100.00,2451/2451,DNA
cgmlst-NEIS1132	NEIS1132,5,100.00,996/996,DNA
cgmlst-NEIS1133	NEIS1133,103,100.00,1746/1746,DNA
cgmlst-NEIS1134	NEIS1134,160,100.00,696/696,DNA
cgmlst-NEIS1135	NEIS1135,233,100.00,1248/1248,DNA
cgmlst-NEIS1136	NEIS1136,5,100.00,291/291,DNA
cgmlst-NEIS1137	NEIS1137,14,100.00,621/621,DNA
cgmlst-NEIS1138	NEIS1138,244,100.00,1539/1539,DNA
cgmlst-NEIS1139	NEIS1139,9,100.00,375/375,DNA
cgmlst-NEIS1140	NEIS1140,85,100.00,1629/1629,DNA
cgmlst-NEIS1142	NEIS1142,159,100.00,1254/1254,DNA
cgmlst-NEIS1143	NEIS1143,20,100.00,309/309,DNA
cgmlst-NEIS1144	NEIS1144,1,100.00,1032/1032,DNA
cgmlst-NEIS1145	NEIS1145,57,100.00,729/729,DNA
cgmlst-NEIS1146	NEIS1146,4,100.00,435/435,DNA
cgmlst-NEIS1147	NEIS1147,13,100.00,864/864,DNA
cgmlst-NEIS1148	NEIS1148,5,100.00,618/618,DNA
cgmlst-NEIS1149	NEIS1149,3,100.00,579/579,DNA
cgmlst-NEIS1150	NEIS1150,39,100.00,1773/1773,DNA
cgmlst-NEIS1151	NEIS1151,205,100.00,657/657,DNA
cgmlst-NEIS1152	NEIS1152,153,100.00,1035/1035,DNA
cgmlst-NEIS1154	NEIS1154,6,100.00,678/678,DNA
cgmlst-NEIS1155	NEIS1155,6,100.00,594/594,DNA
cgmlst-NEIS1156	NEIS1156,189,99.90,1013/1013,DNA
cgmlst-NEIS1157	NEIS1157,40,100.00,1092/1092,DNA
cgmlst-NEIS1158S	NEIS1158S,?,-,-,DNA
cgmlst-NEIS1159	NEIS1159,182,100.00,1311/1311,DNA
cgmlst-NEIS1162	NEIS1162,2,100.00,954/954,DNA
cgmlst-NEIS1163	NEIS1163,97,100.00,1512/1512,DNA
cgmlst-NEIS1164	NEIS1164,114,100.00,372/372,DNA
cgmlst-NEIS1165	NEIS1165,207,100.00,1410/1410,DNA
cgmlst-NEIS1166	NEIS1166,32,100.00,795/795,DNA
cgmlst-NEIS1168	NEIS1168,79,100.00,777/777,DNA
cgmlst-NEIS1170	NEIS1170,270,100.00,2472/2472,DNA
cgmlst-NEIS1171	NEIS1171,13,100.00,1179/1179,DNA
cgmlst-NEIS1172	NEIS1172,51,100.00,1281/1281,DNA
cgmlst-NEIS1173	NEIS1173,204,100.00,726/726,DNA
cgmlst-NEIS1174	NEIS1174,190,100.00,678/678,DNA
cgmlst-NEIS1175	NEIS1175,251,100.00,1350/1350,DNA
cgmlst-NEIS1176	NEIS1176,446,100.00,1410/1410,DNA
cgmlst-NEIS1178	NEIS1178,1,100.00,306/306,DNA
cgmlst-NEIS1179	NEIS1179,127,100.00,642/642,DNA
cgmlst-NEIS1182	NEIS1182,24,100.00,1071/1071,DNA
cgmlst-NEIS1183	NEIS1183,8,100.00,564/564,DNA
cgmlst-NEIS1185	NEIS1185,22,100.00,1398/1398,DNA
cgmlst-NEIS1186	NEIS1186,41,100.00,876/876,DNA
cgmlst-NEIS1188	NEIS1188,4,100.00,723/723,DNA
cgmlst-NEIS1189	NEIS1189,36,100.00,480/480,DNA
cgmlst-NEIS1190	NEIS1190,2,100.00,363/363,DNA
cgmlst-NEIS1191	NEIS1191,33,100.00,867/867,DNA
cgmlst-NEIS1192	NEIS1192,75,100.00,960/960,DNA
cgmlst-NEIS1195	NEIS1195,121,100.00,555/555,DNA
cgmlst-NEIS1196	NEIS1196,54,100.00,927/927,DNA
cgmlst-NEIS1197	NEIS1197,121,100.00,477/477,DNA
cgmlst-NEIS1198	NEIS1198,12,100.00,558/558,DNA
cgmlst-NEIS1199	NEIS1199,1,100.00,1116/1116,DNA
cgmlst-NEIS1200	NEIS1200,1,100.00,1098/1098,DNA
cgmlst-NEIS1201	NEIS1201,311,97.89,995/1614,DNA
cgmlst-NEIS1202	NEIS1202,9,100.00,213/213,DNA
cgmlst-NEIS1203	NEIS1203,82,100.00,1437/1437,DNA
cgmlst-NEIS1204	NEIS1204,80,100.00,984/984,DNA
cgmlst-NEIS1205	NEIS1205,185,100.00,1194/1194,DNA
cgmlst-NEIS1207	NEIS1207,208,100.00,1593/1593,DNA
cgmlst-NEIS1208	NEIS1208,255,100.00,2028/2028,DNA
cgmlst-NEIS1210	NEIS1210,5,100.00,2007/2007,DNA
cgmlst-NEIS1212	NEIS1212,39,100.00,1110/1110,DNA
cgmlst-NEIS1213	NEIS1213,23,100.00,1554/1554,DNA
cgmlst-NEIS1216	NEIS1216,17,100.00,384/384,DNA
cgmlst-NEIS1218	NEIS1218,35,100.00,843/843,DNA
cgmlst-NEIS1219	NEIS1219,11,100.00,441/441,DNA
cgmlst-NEIS1220	NEIS1220,2,100.00,1287/1287,DNA
cgmlst-NEIS1221	NEIS1221,1,100.00,279/279,DNA
cgmlst-NEIS1222	NEIS1222,3,100.00,291/291,DNA
cgmlst-NEIS1223	NEIS1223,14,100.00,1134/1134,DNA
cgmlst-NEIS1226	NEIS1226,300,100.00,2280/2280,DNA
cgmlst-NEIS1229	NEIS1229,1,100.00,312/312,DNA
cgmlst-NEIS1231	NEIS1231,23,100.00,768/768,DNA
cgmlst-NEIS1232	NEIS1232,516,100.00,843/843,DNA
cgmlst-NEIS1233	NEIS1233,31,100.00,666/666,DNA
cgmlst-NEIS1234	NEIS1234,264,100.00,1977/1977,DNA
cgmlst-NEIS1235	NEIS1235,7,100.00,693/693,DNA
cgmlst-NEIS1236	NEIS1236,134,94.24,1372/1371,DNA
cgmlst-NEIS1237	NEIS1237,7,100.00,657/657,DNA
cgmlst-NEIS1238	NEIS1238,102,100.00,1686/1686,DNA
cgmlst-NEIS1239	NEIS1239,1,100.00,315/315,DNA
cgmlst-NEIS1240	NEIS1240,47,100.00,408/408,DNA
cgmlst-NEIS1241	NEIS1241,147,100.00,1137/1137,DNA
cgmlst-NEIS1242	NEIS1242,2,100.00,828/828,DNA
cgmlst-NEIS1243	NEIS1243,166,100.00,1152/1152,DNA
cgmlst-NEIS1244	NEIS1244,93,100.00,426/426,DNA
cgmlst-NEIS1245	NEIS1245,1,100.00,1095/1095,DNA
cgmlst-NEIS1246	NEIS1246,1,100.00,798/798,DNA
cgmlst-NEIS1247	NEIS1247,193,100.00,1266/1266,DNA
cgmlst-NEIS1248	NEIS1248,131,100.00,615/615,DNA
cgmlst-NEIS1250	NEIS1250,31,100.00,1314/1314,DNA
cgmlst-NEIS1251	NEIS1251,121,100.00,2439/2439,DNA
cgmlst-NEIS1252	NEIS1252,8,100.00,1212/1212,DNA
cgmlst-NEIS1253	NEIS1253,16,100.00,483/483,DNA
cgmlst-NEIS1254	NEIS1254,1,99.75,404/404,DNA
cgmlst-NEIS1255	NEIS1255,41,100.00,747/747,DNA
cgmlst-NEIS1256	NEIS1256,12,100.00,807/807,DNA
cgmlst-NEIS1257	NEIS1257,35,100.00,453/453,DNA
cgmlst-NEIS1258	NEIS1258,1,100.00,231/231,DNA
cgmlst-NEIS1259	NEIS1259,17,100.00,303/303,DNA
cgmlst-NEIS1260	NEIS1260,5,100.00,369/369,DNA
cgmlst-NEIS1261	NEIS1261,35,100.00,951/951,DNA
cgmlst-NEIS1262	NEIS1262,278,100.00,2313/2313,DNA
cgmlst-NEIS1263	NEIS1263,31,100.00,1887/1887,DNA
cgmlst-NEIS1265	NEIS1265,457,99.44,1439/1434,DNA
cgmlst-NEIS1267	NEIS1267,30,100.00,717/717,DNA
cgmlst-NEIS1269	NEIS1269,250,100.00,2028/2028,DNA
cgmlst-NEIS1270	NEIS1270,9,100.00,1485/1485,DNA
cgmlst-NEIS1271	NEIS1271,34,100.00,1791/1791,DNA
cgmlst-NEIS1273	NEIS1273,2,100.00,561/561,DNA
cgmlst-NEIS1274	NEIS1274,1,100.00,549/549,DNA
cgmlst-NEIS1275	NEIS1275,1,100.00,456/456,DNA
cgmlst-NEIS1276	NEIS1276,6,100.00,657/657,DNA
cgmlst-NEIS1277	NEIS1277,33,100.00,1713/1713,DNA
cgmlst-NEIS1278	NEIS1278,55,100.00,2664/2664,DNA
cgmlst-NEIS1279	NEIS1279,?,-,-,DNA
cgmlst-NEIS1280	NEIS1280,297,100.00,1785/1785,DNA
cgmlst-NEIS1281	NEIS1281,459,100.00,1551/1551,DNA
cgmlst-NEIS1283	NEIS1283,7,100.00,786/786,DNA
cgmlst-NEIS1284	NEIS1284,94,100.00,879/879,DNA
cgmlst-NEIS1285	NEIS1285,137,100.00,879/879,DNA
cgmlst-NEIS1286	NEIS1286,24,100.00,1257/1257,DNA
cgmlst-NEIS1287	NEIS1287,7,100.00,435/435,DNA
cgmlst-NEIS1288	NEIS1288,234,100.00,1344/1344,DNA
cgmlst-NEIS1289	NEIS1289,6,100.00,714/714,DNA
cgmlst-NEIS1290	NEIS1290,109,100.00,300/300,DNA
cgmlst-NEIS1291	NEIS1291,268,99.93,1446/1446,DNA
cgmlst-NEIS1292	NEIS1292,4,100.00,933/933,DNA
cgmlst-NEIS1293	NEIS1293,5,100.00,1431/1431,DNA
cgmlst-NEIS1294	NEIS1294,10,100.00,1011/1011,DNA
cgmlst-NEIS1295	NEIS1295,12,100.00,633/633,DNA
cgmlst-NEIS1296	NEIS1296,146,100.00,771/771,DNA
cgmlst-NEIS1297	NEIS1297,17,100.00,1542/1542,DNA
cgmlst-NEIS1298	NEIS1298,226,100.00,1356/1356,DNA
cgmlst-NEIS1299	NEIS1299,14,100.00,822/822,DNA
cgmlst-NEIS1300	NEIS1300,?,-,-,DNA
cgmlst-NEIS1301	NEIS1301,124,100.00,333/333,DNA
cgmlst-NEIS1302	NEIS1302,166,100.00,1065/1065,DNA
cgmlst-NEIS1303	NEIS1303,243,100.00,1389/1389,DNA
cgmlst-NEIS1304	NEIS1304,67,100.00,555/555,DNA
cgmlst-NEIS1305	NEIS1305,15,100.00,561/561,DNA
cgmlst-NEIS1306	NEIS1306,43,100.00,1197/1197,DNA
cgmlst-NEIS1307	NEIS1307,35,100.00,1245/1245,DNA
cgmlst-NEIS1308	NEIS1308,14,100.00,372/372,DNA
cgmlst-NEIS1309	NEIS1309,7,100.00,951/951,DNA
cgmlst-NEIS1311	NEIS1311,16,100.00,2817/2817,DNA
cgmlst-NEIS1312	NEIS1312,192,100.00,1173/1173,DNA
cgmlst-NEIS1314	NEIS1314,19,100.00,447/447,DNA
cgmlst-NEIS1315	NEIS1315,8,100.00,1215/1215,DNA
cgmlst-NEIS1317	NEIS1317,2,100.00,387/387,DNA
cgmlst-NEIS1318	NEIS1318,51,100.00,321/321,DNA
cgmlst-NEIS1319	NEIS1319,1,100.00,501/501,DNA
cgmlst-NEIS1320	NEIS1320,104,100.00,2751/2751,DNA
cgmlst-NEIS1325	NEIS1325,1,100.00,552/552,DNA
cgmlst-NEIS1326	NEIS1326,257,100.00,1647/1647,DNA
cgmlst-NEIS1328	NEIS1328,1,100.00,849/849,DNA
cgmlst-NEIS1329	NEIS1329,102,100.00,987/987,DNA
cgmlst-NEIS1330	NEIS1330,2,100.00,696/696,DNA
cgmlst-NEIS1331	NEIS1331,1,100.00,1446/1446,DNA
cgmlst-NEIS1332	NEIS1332,3,100.00,1836/1836,DNA
cgmlst-NEIS1333	NEIS1333,3,100.00,702/702,DNA
cgmlst-NEIS1336	NEIS1336,16,100.00,1050/1050,DNA
cgmlst-NEIS1338	NEIS1338,1,100.00,183/183,DNA
cgmlst-NEIS1339	NEIS1339,1,100.00,561/561,DNA
cgmlst-NEIS1342	NEIS1342,114,100.00,2229/2229,DNA
cgmlst-NEIS1347	NEIS1347,891,100.00,2604/2604,DNA
cgmlst-NEIS1348	NEIS1348,225,100.00,795/795,DNA
cgmlst-NEIS1351	NEIS1351,159,100.00,870/870,DNA
cgmlst-NEIS1352	NEIS1352,139,100.00,537/537,DNA
cgmlst-NEIS1353	NEIS1353,1,100.00,240/240,DNA
cgmlst-NEIS1354	NEIS1354,202,100.00,1011/1011,DNA
cgmlst-NEIS1355	NEIS1355,120,100.00,1374/1374,DNA
cgmlst-NEIS1357	NEIS1357,13,100.00,1128/1128,DNA
cgmlst-NEIS1361	NEIS1361,210,100.00,1512/1512,DNA
cgmlst-NEIS1362	NEIS1362,125,100.00,1254/1254,DNA
cgmlst-NEIS1363	NEIS1363,287,100.00,1980/1980,DNA
cgmlst-NEIS1364	NEIS1364,484,100.00,1158/1158,DNA
cgmlst-NEIS1365	NEIS1365,27,100.00,477/477,DNA
cgmlst-NEIS1366	NEIS1366,940,100.00,1302/1302,DNA
cgmlst-NEIS1367	NEIS1367,18,100.00,534/534,DNA
cgmlst-NEIS1368	NEIS1368,266,100.00,1578/1578,DNA
cgmlst-NEIS1370	NEIS1370,37,100.00,1497/1497,DNA
cgmlst-NEIS1371	NEIS1371,27,100.00,780/780,DNA
cgmlst-NEIS1372	NEIS1372,66,100.00,702/702,DNA
cgmlst-NEIS1373	NEIS1373,256,100.00,1455/1455,DNA
cgmlst-NEIS1374	NEIS1374,4,100.00,486/486,DNA
cgmlst-NEIS1375	NEIS1375,8,100.00,717/717,DNA
cgmlst-NEIS1376	NEIS1376,189,100.00,669/669,DNA
cgmlst-NEIS1378	NEIS1378,1834,100.00,1977/1977,DNA
cgmlst-NEIS1379	NEIS1379,1030,100.00,2121/2121,DNA
cgmlst-NEIS1380	NEIS1380,5,100.00,336/336,DNA
cgmlst-NEIS1382	NEIS1382,11,100.00,1047/1047,DNA
cgmlst-NEIS1383	NEIS1383,5,100.00,798/798,DNA
cgmlst-NEIS1385	NEIS1385,227,100.00,2016/2016,DNA
cgmlst-NEIS1386	NEIS1386,26,100.00,1059/1059,DNA
cgmlst-NEIS1389	NEIS1389,6,100.00,780/780,DNA
cgmlst-NEIS1391	NEIS1391,232,100.00,1413/1413,DNA
cgmlst-NEIS1392	NEIS1392,24,100.00,1176/1176,DNA
cgmlst-NEIS1393	NEIS1393,19,100.00,549/549,DNA
cgmlst-NEIS1394	NEIS1394,36,100.00,1497/1497,DNA
cgmlst-NEIS1395	NEIS1395,614,100.00,1980/1980,DNA
cgmlst-NEIS1396	NEIS1396,352,100.00,1389/1389,DNA
cgmlst-NEIS1397	NEIS1397,115,100.00,924/924,DNA
cgmlst-NEIS1398	NEIS1398,1,100.00,525/525,DNA
cgmlst-NEIS1400	NEIS1400,7,100.00,1386/1386,DNA
cgmlst-NEIS1401	NEIS1401,1,100.00,624/624,DNA
cgmlst-NEIS1404	NEIS1404,1,100.00,732/732,DNA
cgmlst-NEIS1405	NEIS1405,355,100.00,1509/1509,DNA
cgmlst-NEIS1407	NEIS1407,25,100.00,342/342,DNA
cgmlst-NEIS1408	NEIS1408,272,100.00,1011/1011,DNA
cgmlst-NEIS1409	NEIS1409,43,100.00,2580/2580,DNA
cgmlst-NEIS1410	NEIS1410,36,100.00,1215/1215,DNA
cgmlst-NEIS1411	NEIS1411,2,100.00,210/210,DNA
cgmlst-NEIS1412	NEIS1412,4,100.00,807/807,DNA
cgmlst-NEIS1413	NEIS1413,159,100.00,1266/1266,DNA
cgmlst-NEIS1414	NEIS1414,88,100.00,708/708,DNA
cgmlst-NEIS1415	NEIS1415,68,100.00,462/462,DNA
cgmlst-NEIS1417	NEIS1417,96,100.00,483/483,DNA
cgmlst-NEIS1419	NEIS1419,18,100.00,747/747,DNA
cgmlst-NEIS1420	NEIS1420,26,100.00,1557/1557,DNA
cgmlst-NEIS1422	NEIS1422,17,100.00,789/789,DNA
cgmlst-NEIS1423	NEIS1423,37,100.00,1434/1434,DNA
cgmlst-NEIS1425	NEIS1425,10,100.00,381/381,DNA
cgmlst-NEIS1426	NEIS1426,42,100.00,2082/2082,DNA
cgmlst-NEIS1428	NEIS1428,316,100.00,2769/2769,DNA
cgmlst-NEIS1429	NEIS1429,230,100.00,1218/1218,DNA
cgmlst-NEIS1430	NEIS1430,149,100.00,729/729,DNA
cgmlst-NEIS1431	NEIS1431,150,100.00,465/465,DNA
cgmlst-NEIS1432	NEIS1432,1,100.00,777/777,DNA
cgmlst-NEIS1433	NEIS1433,1,100.00,855/855,DNA
cgmlst-NEIS1435	NEIS1435,134,100.00,1260/1260,DNA
cgmlst-NEIS1436	NEIS1436,303,100.00,1719/1719,DNA
cgmlst-NEIS1437	NEIS1437,250,100.00,1458/1458,DNA
cgmlst-NEIS1438	NEIS1438,1,100.00,747/747,DNA
cgmlst-NEIS1439	NEIS1439,23,100.00,702/702,DNA
cgmlst-NEIS1440	NEIS1440,9,100.00,672/672,DNA
cgmlst-NEIS1441	NEIS1441,114,100.00,483/483,DNA
cgmlst-NEIS1442	NEIS1442,25,100.00,690/690,DNA
cgmlst-NEIS1443	NEIS1443,161,100.00,735/735,DNA
cgmlst-NEIS1444	NEIS1444,177,100.00,1311/1311,DNA
cgmlst-NEIS1445	NEIS1445,1,100.00,189/189,DNA
cgmlst-NEIS1446	NEIS1446,1,100.00,300/300,DNA
cgmlst-NEIS1447	NEIS1447,193,100.00,1227/1227,DNA
cgmlst-NEIS1448	NEIS1448,84,100.00,1806/1806,DNA
cgmlst-NEIS1449	NEIS1449,36,100.00,471/471,DNA
cgmlst-NEIS1450	NEIS1450,63,100.00,828/828,DNA
cgmlst-NEIS1451	NEIS1451,262,100.00,483/483,DNA
cgmlst-NEIS1452	NEIS1452,987,100.00,393/393,DNA
cgmlst-NEIS1453	NEIS1453,133,100.00,1368/1368,DNA
cgmlst-NEIS1455	NEIS1455,1,100.00,453/453,DNA
cgmlst-NEIS1456	NEIS1456,40,100.00,1011/1011,DNA
cgmlst-NEIS1457	NEIS1457,127,100.00,870/870,DNA
cgmlst-NEIS1458	NEIS1458,90,99.70,664/664,DNA
cgmlst-NEIS1459	NEIS1459,211,100.00,1146/1146,DNA
cgmlst-NEIS1460	NEIS1460,193,100.00,621/621,DNA
cgmlst-NEIS1461	NEIS1461,2,100.00,510/510,DNA
cgmlst-NEIS1462	NEIS1462,18,100.00,552/552,DNA
cgmlst-NEIS1464	NEIS1464,341,100.00,2751/2751,DNA
cgmlst-NEIS1465	NEIS1465,35,100.00,1773/1773,DNA
cgmlst-NEIS1466	NEIS1466,61,100.00,1929/1929,DNA
cgmlst-NEIS1468	NEIS1468,695,100.00,2838/2838,DNA
cgmlst-NEIS1471	NEIS1471,315,100.00,1635/1635,DNA
cgmlst-NEIS1472	NEIS1472,23,100.00,1671/1671,DNA
cgmlst-NEIS1473	NEIS1473,249,100.00,1104/1104,DNA
cgmlst-NEIS1474	NEIS1474,102,100.00,474/474,DNA
cgmlst-NEIS1475	NEIS1475,5,100.00,384/384,DNA
cgmlst-NEIS1477	NEIS1477,186,100.00,960/960,DNA
cgmlst-NEIS1478	NEIS1478,191,100.00,1722/1722,DNA
cgmlst-NEIS1479	NEIS1479,137,100.00,774/774,DNA
cgmlst-NEIS1480	NEIS1480,187,100.00,903/903,DNA
cgmlst-NEIS1481	NEIS1481,173,100.00,717/717,DNA
cgmlst-NEIS1483	NEIS1483,63,100.00,423/423,DNA
cgmlst-NEIS1485	NEIS1485,20,100.00,672/672,DNA
cgmlst-NEIS1486	NEIS1486,6,100.00,627/627,DNA
cgmlst-NEIS1487	NEIS1487,169,100.00,807/807,DNA
cgmlst-NEIS1488	NEIS1488,1,100.00,441/441,DNA
cgmlst-NEIS1489	NEIS1489,2,100.00,1407/1407,DNA
cgmlst-NEIS1490	NEIS1490,2,100.00,1116/1116,DNA
cgmlst-NEIS1491	NEIS1491,108,100.00,1071/1071,DNA
cgmlst-NEIS1492	NEIS1492,290,100.00,2586/2586,DNA
cgmlst-NEIS1493	NEIS1493,12,100.00,996/996,DNA
cgmlst-NEIS1494	NEIS1494,134,100.00,1014/1014,DNA
cgmlst-NEIS1495	NEIS1495,2,100.00,294/294,DNA
cgmlst-NEIS1496	NEIS1496,2,100.00,492/492,DNA
cgmlst-NEIS1497	NEIS1497,213,100.00,1728/1728,DNA
cgmlst-NEIS1498	NEIS1498,138,100.00,654/654,DNA
cgmlst-NEIS1499	NEIS1499,91,100.00,654/654,DNA
cgmlst-NEIS1500	NEIS1500,1,100.00,900/900,DNA
cgmlst-NEIS1501	NEIS1501,16,100.00,1290/1290,DNA
cgmlst-NEIS1502	NEIS1502,12,100.00,1098/1098,DNA
cgmlst-NEIS1503	NEIS1503,11,100.00,735/735,DNA
cgmlst-NEIS1504	NEIS1504,12,100.00,870/870,DNA
cgmlst-NEIS1507	NEIS1507,21,97.16,563/849,DNA
cgmlst-NEIS1508	NEIS1508,114,100.00,1053/1053,DNA
cgmlst-NEIS1509	NEIS1509,141,100.00,564/564,DNA
cgmlst-NEIS1511	NEIS1511,1,100.00,303/303,DNA
cgmlst-NEIS1512	NEIS1512,15,100.00,336/336,DNA
cgmlst-NEIS1513	NEIS1513,3,100.00,906/906,DNA
cgmlst-NEIS1514	NEIS1514,1,100.00,576/576,DNA
cgmlst-NEIS1515	NEIS1515,279,100.00,903/903,DNA
cgmlst-NEIS1516	NEIS1516,260,100.00,1140/1140,DNA
cgmlst-NEIS1518	NEIS1518,739,100.00,2625/2625,DNA
cgmlst-NEIS1524	NEIS1524,338,100.00,684/684,DNA
cgmlst-NEIS1525	NEIS1525,928,100.00,2304/2304,DNA
cgmlst-NEIS1526	NEIS1526,68,100.00,1518/1518,DNA
cgmlst-NEIS1527	NEIS1527,3,100.00,468/468,DNA
cgmlst-NEIS1528	NEIS1528,8,100.00,753/753,DNA
cgmlst-NEIS1530	NEIS1530,191,100.00,1170/1170,DNA
cgmlst-NEIS1531	NEIS1531,7,100.00,762/762,DNA
cgmlst-NEIS1532	NEIS1532,6,100.00,252/252,DNA
cgmlst-NEIS1533	NEIS1533,66,100.00,807/807,DNA
cgmlst-NEIS1534	NEIS1534,19,100.00,1524/1524,DNA
cgmlst-NEIS1535	NEIS1535,148,100.00,1413/1413,DNA
cgmlst-NEIS1538	NEIS1538,30,100.00,807/807,DNA
cgmlst-NEIS1544	NEIS1544,14,100.00,438/438,DNA
cgmlst-NEIS1545	NEIS1545,77,100.00,405/405,DNA
cgmlst-NEIS1546	NEIS1546,223,100.00,1185/1185,DNA
cgmlst-NEIS1547	NEIS1547,3,100.00,534/534,DNA
cgmlst-NEIS1548	NEIS1548,595,98.14,2256/2256,DNA
cgmlst-NEIS1552	NEIS1552,26,100.00,558/558,DNA
cgmlst-NEIS1553	NEIS1553,80,100.00,1635/1635,DNA
cgmlst-NEIS1554	NEIS1554,38,100.00,1107/1107,DNA
cgmlst-NEIS1555	NEIS1555,2,100.00,432/432,DNA
cgmlst-NEIS1556	NEIS1556,294,100.00,1503/1503,DNA
cgmlst-NEIS1557	NEIS1557,901,100.00,2889/2889,DNA
cgmlst-NEIS1558	NEIS1558,40,100.00,1395/1395,DNA
cgmlst-NEIS1559	NEIS1559,26,100.00,1341/1341,DNA
cgmlst-NEIS1560	NEIS1560,17,100.00,627/627,DNA
cgmlst-NEIS1562	NEIS1562,54,99.93,1419/1419,DNA
cgmlst-NEIS1563	NEIS1563,25,100.00,729/729,DNA
cgmlst-NEIS1564	NEIS1564,6,100.00,489/489,DNA
cgmlst-NEIS1566	NEIS1566,3,100.00,465/465,DNA
cgmlst-NEIS1567	NEIS1567,37,100.00,1059/1059,DNA
cgmlst-NEIS1568	NEIS1568,68,100.00,1356/1356,DNA
cgmlst-NEIS1569	NEIS1569,62,100.00,273/273,DNA
cgmlst-NEIS1570	NEIS1570,7,100.00,738/738,DNA
cgmlst-NEIS1571	NEIS1571,5,100.00,912/912,DNA
cgmlst-NEIS1572	NEIS1572,13,100.00,594/594,DNA
cgmlst-NEIS1573	NEIS1573,20,100.00,621/621,DNA
cgmlst-NEIS1574	NEIS1574,525,99.36,465/465,DNA
cgmlst-NEIS1576	NEIS1576,146,100.00,1185/1185,DNA
cgmlst-NEIS1577	NEIS1577,624,100.00,2157/2157,DNA
cgmlst-NEIS1578	NEIS1578,1,100.00,207/207,DNA
cgmlst-NEIS1579	NEIS1579,1,100.00,618/618,DNA
cgmlst-NEIS1580	NEIS1580,43,100.00,600/600,DNA
cgmlst-NEIS1581	NEIS1581,40,100.00,789/789,DNA
cgmlst-NEIS1582	NEIS1582,7,100.00,1356/1356,DNA
cgmlst-NEIS1587	NEIS1587,136,100.00,693/693,DNA
cgmlst-NEIS1588	NEIS1588,34,100.00,1305/1305,DNA
cgmlst-NEIS1589	NEIS1589,282,100.00,1662/1662,DNA
cgmlst-NEIS1590	NEIS1590,100,100.00,519/519,DNA
cgmlst-NEIS1591	NEIS1591,146,100.00,552/552,DNA
cgmlst-NEIS1592	NEIS1592,107,100.00,624/624,DNA
cgmlst-NEIS1593	NEIS1593,3,100.00,309/309,DNA
cgmlst-NEIS1594	NEIS1594,439,100.00,2853/2853,DNA
cgmlst-NEIS1595	NEIS1595,113,100.00,840/840,DNA
cgmlst-NEIS1596	NEIS1596,219,100.00,1194/1194,DNA
cgmlst-NEIS1597	NEIS1597,120,100.00,1089/1089,DNA
cgmlst-NEIS1598	NEIS1598,196,100.00,1101/1101,DNA
cgmlst-NEIS1599	NEIS1599,81,100.00,426/426,DNA
cgmlst-NEIS1600	NEIS1600,333,100.00,1986/1986,DNA
cgmlst-NEIS1601	NEIS1601,123,100.00,525/525,DNA
cgmlst-NEIS1602	NEIS1602,30,100.00,1296/1296,DNA
cgmlst-NEIS1603	NEIS1603,119,100.00,999/999,DNA
cgmlst-NEIS1604	NEIS1604,143,100.00,1077/1077,DNA
cgmlst-NEIS1605	NEIS1605,23,100.00,771/771,DNA
cgmlst-NEIS1606	NEIS1606,182,100.00,990/990,DNA
cgmlst-NEIS1607	NEIS1607,56,100.00,684/684,DNA
cgmlst-NEIS1608	NEIS1608,276,100.00,1335/1335,DNA
cgmlst-NEIS1609	NEIS1609,263,100.00,852/852,DNA
cgmlst-NEIS1610	NEIS1610,912,100.00,2115/2115,DNA
cgmlst-NEIS1611	NEIS1611,285,99.93,1479/1479,DNA
cgmlst-NEIS1613	NEIS1613,276,100.00,516/516,DNA
cgmlst-NEIS1614	NEIS1614,78,100.00,435/435,DNA
cgmlst-NEIS1615	NEIS1615,13,100.00,435/435,DNA
cgmlst-NEIS1617	NEIS1617,756,100.00,1137/1137,DNA
cgmlst-NEIS1618	NEIS1618,13,100.00,759/759,DNA
cgmlst-NEIS1619	NEIS1619,26,100.00,1065/1065,DNA
cgmlst-NEIS1621	NEIS1621,3,100.00,171/171,DNA
cgmlst-NEIS1622	NEIS1622,41,100.00,1338/1338,DNA
cgmlst-NEIS1623	NEIS1623,64,100.00,661/661,DNA
cgmlst-NEIS1624	NEIS1624,84,100.00,795/795,DNA
cgmlst-NEIS1625	NEIS1625,38,100.00,1335/1335,DNA
cgmlst-NEIS1629	NEIS1629,1,100.00,783/783,DNA
cgmlst-NEIS1630	NEIS1630,1,100.00,300/300,DNA
cgmlst-NEIS1632	NEIS1632,18,100.00,1452/1452,DNA
cgmlst-NEIS1633	NEIS1633,424,100.00,3204/3204,DNA
cgmlst-NEIS1634	NEIS1634,245,100.00,1239/1239,DNA
cgmlst-NEIS1635	NEIS1635,7,100.00,633/633,DNA
cgmlst-NEIS1636	NEIS1636,6,100.00,258/258,DNA
cgmlst-NEIS1637	NEIS1637,207,100.00,1569/1569,DNA
cgmlst-NEIS1638	NEIS1638,1031,100.00,3210/3210,DNA
cgmlst-NEIS1639	NEIS1639,188,100.00,1410/1410,DNA
cgmlst-NEIS1640	NEIS1640,29,100.00,1098/1098,DNA
cgmlst-NEIS1643	NEIS1643,2,100.00,612/612,DNA
cgmlst-NEIS1645	NEIS1645,5,100.00,1446/1446,DNA
cgmlst-NEIS1646	NEIS1646,216,100.00,1758/1758,DNA
cgmlst-NEIS1647	NEIS1647,13,100.00,468/468,DNA
cgmlst-NEIS1648	NEIS1648,1,100.00,435/435,DNA
cgmlst-NEIS1649	NEIS1649,1,100.00,663/663,DNA
cgmlst-NEIS1650	NEIS1650,9,100.00,843/843,DNA
cgmlst-NEIS1651	NEIS1651,1,100.00,639/639,DNA
cgmlst-NEIS1652	NEIS1652,2,100.00,801/801,DNA
cgmlst-NEIS1653	NEIS1653,15,100.00,519/519,DNA
cgmlst-NEIS1654	NEIS1654,7,100.00,645/645,DNA
cgmlst-NEIS1655	NEIS1655,272,100.00,2214/2214,DNA
cgmlst-NEIS1657	NEIS1657,1,100.00,1404/1404,DNA
cgmlst-NEIS1658	NEIS1658,11,100.00,1428/1428,DNA
cgmlst-NEIS1660	NEIS1660,14,100.00,508/508,DNA
cgmlst-NEIS1661	NEIS1661,-,-,-,DNA
cgmlst-NEIS1662	NEIS1662,?,-,-,DNA
cgmlst-NEIS1663	NEIS1663,8,100.00,198/198,DNA
cgmlst-NEIS1664	NEIS1664,64,100.00,285/285,DNA
cgmlst-NEIS1665	NEIS1665,3,100.00,279/279,DNA
cgmlst-NEIS1667	NEIS1667,17,100.00,288/288,DNA
cgmlst-NEIS1669	NEIS1669,1,100.00,360/360,DNA
cgmlst-NEIS1670	NEIS1670,3,100.00,645/645,DNA
cgmlst-NEIS1671	NEIS1671,1,100.00,537/537,DNA
cgmlst-NEIS1672	NEIS1672,3,100.00,1098/1098,DNA
cgmlst-NEIS1673	NEIS1673,5,100.00,1413/1413,DNA
cgmlst-NEIS1674	NEIS1674,1,100.00,795/795,DNA
cgmlst-NEIS1675	NEIS1675,1,100.00,648/648,DNA
cgmlst-NEIS1676	NEIS1676,5,100.00,1143/1143,DNA
cgmlst-NEIS1677	NEIS1677,30,100.00,1077/1077,DNA
cgmlst-NEIS1679	NEIS1679,18,100.00,1467/1467,DNA
cgmlst-NEIS1680	NEIS1680,4,100.00,924/924,DNA
cgmlst-NEIS1682	NEIS1682,156,100.00,1893/1893,DNA
cgmlst-NEIS1683	NEIS1683,6,100.00,285/285,DNA
cgmlst-NEIS1684	NEIS1684,10,100.00,1809/1809,DNA
cgmlst-NEIS1686	NEIS1686,199,100.00,738/738,DNA
cgmlst-NEIS1687	NEIS1687,4,100.00,1128/1128,DNA
cgmlst-NEIS1688	NEIS1688,1,100.00,264/264,DNA
cgmlst-NEIS1689	NEIS1689,255,100.00,1161/1161,DNA
cgmlst-NEIS1692	NEIS1692,444,100.00,813/813,DNA
cgmlst-NEIS1693	NEIS1693,250,100.00,462/462,DNA
cgmlst-NEIS1694	NEIS1694,429,100.00,1251/1251,DNA
cgmlst-NEIS1697	NEIS1697,308,100.00,1143/1143,DNA
cgmlst-NEIS1698	NEIS1698,5,100.00,423/423,DNA
cgmlst-NEIS1699	NEIS1699,9,100.00,810/810,DNA
cgmlst-NEIS1700	NEIS1700,5,100.00,378/378,DNA
cgmlst-NEIS1701	NEIS1701,17,100.00,768/768,DNA
cgmlst-NEIS1702	NEIS1702,23,100.00,780/780,DNA
cgmlst-NEIS1703	NEIS1703,446,100.00,729/729,DNA
cgmlst-NEIS1704	NEIS1704,173,100.00,747/747,DNA
cgmlst-NEIS1705	NEIS1705,44,100.00,1131/1131,DNA
cgmlst-NEIS1706	NEIS1706,213,100.00,1380/1380,DNA
cgmlst-NEIS1708	NEIS1708,7,100.00,885/885,DNA
cgmlst-NEIS1720	NEIS1720,55,100.00,813/813,DNA
cgmlst-NEIS1721	NEIS1721,24,100.00,873/873,DNA
cgmlst-NEIS1722	NEIS1722,40,100.00,1203/1203,DNA
cgmlst-NEIS1724	NEIS1724,2,100.00,369/369,DNA
cgmlst-NEIS1725	NEIS1725,95,100.00,444/444,DNA
cgmlst-NEIS1726	NEIS1726,18,100.00,642/642,DNA
cgmlst-NEIS1727	NEIS1727,302,100.00,1200/1200,DNA
cgmlst-NEIS1728	NEIS1728,114,100.00,1170/1170,DNA
cgmlst-NEIS1729	NEIS1729,1131,100.00,2607/2607,DNA
cgmlst-NEIS1732	NEIS1732,133,100.00,1155/1155,DNA
cgmlst-NEIS1733	NEIS1733,1,100.00,879/879,DNA
cgmlst-NEIS1735	NEIS1735,47,100.00,1311/1311,DNA
cgmlst-NEIS1737	NEIS1737,26,100.00,1179/1179,DNA
cgmlst-NEIS1738	NEIS1738,126,100.00,1245/1245,DNA
cgmlst-NEIS1739	NEIS1739,29,100.00,729/729,DNA
cgmlst-NEIS1740	NEIS1740,12,100.00,915/915,DNA
cgmlst-NEIS1741	NEIS1741,183,100.00,1407/1407,DNA
cgmlst-NEIS1742	NEIS1742,29,100.00,1068/1068,DNA
cgmlst-NEIS1743	NEIS1743,22,100.00,1308/1308,DNA
cgmlst-NEIS1745	NEIS1745,178,100.00,1338/1338,DNA
cgmlst-NEIS1746	NEIS1746,1,100.00,273/273,DNA
cgmlst-NEIS1747	NEIS1747,233,100.00,1083/1083,DNA
cgmlst-NEIS1748	NEIS1748,55,100.00,183/183,DNA
cgmlst-NEIS1749	NEIS1749,150,100.00,1359/1359,DNA
cgmlst-NEIS1750	NEIS1750,161,100.00,1644/1644,DNA
cgmlst-NEIS1751	NEIS1751,229,99.12,1479/1479,DNA
cgmlst-NEIS1753	NEIS1753,203,100.00,1749/1749,DNA
cgmlst-NEIS1754	NEIS1754,5,100.00,270/270,DNA
cgmlst-NEIS1755	NEIS1755,9,100.00,987/987,DNA
cgmlst-NEIS1756	NEIS1756,12,100.00,456/456,DNA
cgmlst-NEIS1757	NEIS1757,76,100.00,1218/1218,DNA
cgmlst-NEIS1759	NEIS1759,43,100.00,822/822,DNA
cgmlst-NEIS1760	NEIS1760,1,100.00,645/645,DNA
cgmlst-NEIS1762	NEIS1762,17,100.00,870/870,DNA
cgmlst-NEIS1763	NEIS1763,91,100.00,1497/1497,DNA
cgmlst-NEIS1764	NEIS1764,124,100.00,354/354,DNA
cgmlst-NEIS1765	NEIS1765,33,100.00,1527/1527,DNA
cgmlst-NEIS1766	NEIS1766,407,100.00,3606/3606,DNA
cgmlst-NEIS1768	NEIS1768,143,100.00,771/771,DNA
cgmlst-NEIS1769	NEIS1769,6,96.10,282/282,DNA
cgmlst-NEIS1770	NEIS1770,14,100.00,882/882,DNA
cgmlst-NEIS1771	NEIS1771,25,100.00,939/939,DNA
cgmlst-NEIS1772	NEIS1772,89,100.00,1113/1113,DNA
cgmlst-NEIS1773	NEIS1773,348,100.00,1509/1509,DNA
cgmlst-NEIS1776	NEIS1776,151,100.00,666/666,DNA
cgmlst-NEIS1777	NEIS1777,301,100.00,2259/2259,DNA
cgmlst-NEIS1778	NEIS1778,12,100.00,1011/1011,DNA
cgmlst-NEIS1779	NEIS1779,80,100.00,1356/1356,DNA
cgmlst-NEIS1780	NEIS1780,270,100.00,1677/1677,DNA
cgmlst-NEIS1781	NEIS1781,1,100.00,486/486,DNA
cgmlst-NEIS1782	NEIS1782,17,100.00,957/957,DNA
cgmlst-NEIS1783	NEIS1783,97,100.00,729/729,DNA
cgmlst-NEIS1784	NEIS1784,97,100.00,951/951,DNA
cgmlst-NEIS1785	NEIS1785,125,100.00,735/735,DNA
cgmlst-NEIS1786	NEIS1786,85,100.00,1422/1422,DNA
cgmlst-NEIS1787	NEIS1787,215,100.00,1575/1575,DNA
cgmlst-NEIS1788	NEIS1788,8,100.00,1104/1104,DNA
cgmlst-NEIS1789	NEIS1789,741,100.00,942/942,DNA
cgmlst-NEIS1794	NEIS1794,3,97.29,776/775,DNA
cgmlst-NEIS1795	NEIS1795,1,100.00,399/399,DNA
cgmlst-NEIS1796	NEIS1796,612,100.00,399/399,DNA
cgmlst-NEIS1800	NEIS1800,115,100.00,678/678,DNA
cgmlst-NEIS1804	NEIS1804,3,100.00,1134/1134,DNA
cgmlst-NEIS1805	NEIS1805,58,100.00,276/276,DNA
cgmlst-NEIS1807	NEIS1807,3,100.00,276/276,DNA
cgmlst-NEIS1808	NEIS1808,37,100.00,1284/1284,DNA
cgmlst-NEIS1809	NEIS1809,279,100.00,1419/1419,DNA
cgmlst-NEIS1810	NEIS1810,6,100.00,810/810,DNA
cgmlst-NEIS1811	NEIS1811,12,100.00,702/702,DNA
cgmlst-NEIS1812	NEIS1812,1,100.00,735/735,DNA
cgmlst-NEIS1813	NEIS1813,129,100.00,531/531,DNA
cgmlst-NEIS1814	NEIS1814,2,100.00,582/582,DNA
cgmlst-NEIS1815	NEIS1815,2,100.00,537/537,DNA
cgmlst-NEIS1816	NEIS1816,236,100.00,975/975,DNA
cgmlst-NEIS1818	NEIS1818,10,100.00,1056/1056,DNA
cgmlst-NEIS1819	NEIS1819,18,100.00,291/291,DNA
cgmlst-NEIS1820	NEIS1820,14,100.00,888/888,DNA
cgmlst-NEIS1822	NEIS1822,74,100.00,1011/1011,DNA
cgmlst-NEIS1823	NEIS1823,176,100.00,492/492,DNA
cgmlst-NEIS1824	NEIS1824,10,100.00,720/720,DNA
cgmlst-NEIS1825	NEIS1825,4,100.00,867/867,DNA
cgmlst-NEIS1826	NEIS1826,20,100.00,279/279,DNA
cgmlst-NEIS1827	NEIS1827,1,100.00,291/291,DNA
cgmlst-NEIS1828	NEIS1828,7,100.00,549/549,DNA
cgmlst-NEIS1829	NEIS1829,348,100.00,2628/2628,DNA
cgmlst-NEIS1830	NEIS1830,4,100.00,417/417,DNA
cgmlst-NEIS1831	NEIS1831,225,100.00,1170/1170,DNA
cgmlst-NEIS1832	NEIS1832,5,100.00,357/357,DNA
cgmlst-NEIS1833	NEIS1833,184,100.00,999/999,DNA
cgmlst-NEIS1834	NEIS1834,151,100.00,786/786,DNA
cgmlst-NEIS1835	NEIS1835,182,100.00,822/822,DNA
cgmlst-NEIS1837	NEIS1837,348,100.00,1644/1644,DNA
cgmlst-NEIS1838	NEIS1838,3,100.00,1233/1233,DNA
cgmlst-NEIS1839	NEIS1839,3,100.00,861/861,DNA
cgmlst-NEIS1841	NEIS1841,20,100.00,633/633,DNA
cgmlst-NEIS1842	NEIS1842,3,100.00,210/210,DNA
cgmlst-NEIS1844	NEIS1844,98,99.94,1677/1677,DNA
cgmlst-NEIS1845	NEIS1845,2,100.00,447/447,DNA
cgmlst-NEIS1846	NEIS1846,171,100.00,975/975,DNA
cgmlst-NEIS1847	NEIS1847,1,100.00,309/309,DNA
cgmlst-NEIS1848	NEIS1848,9,100.00,273/273,DNA
cgmlst-NEIS1849	NEIS1849,13,100.00,1185/1185,DNA
cgmlst-NEIS1850	NEIS1850,7,100.00,156/156,DNA
cgmlst-NEIS1851	NEIS1851,1,100.00,234/234,DNA
cgmlst-NEIS1852	NEIS1852,1300,100.00,1551/1551,DNA
cgmlst-NEIS1853	NEIS1853,171,100.00,1185/1185,DNA
cgmlst-NEIS1854	NEIS1854,64,100.00,474/474,DNA
cgmlst-NEIS1855	NEIS1855,19,100.00,687/687,DNA
cgmlst-NEIS1856	NEIS1856,237,100.00,1293/1293,DNA
cgmlst-NEIS1857	NEIS1857,23,100.00,969/969,DNA
cgmlst-NEIS1858	NEIS1858,3,100.00,1473/1473,DNA
cgmlst-NEIS1859	NEIS1859,326,100.00,1821/1821,DNA
cgmlst-NEIS1870	NEIS1870,11,100.00,246/246,DNA
cgmlst-NEIS1871	NEIS1871,21,100.00,438/438,DNA
cgmlst-NEIS1872	NEIS1872,28,100.00,492/492,DNA
cgmlst-NEIS1873	NEIS1873,20,100.00,489/489,DNA
cgmlst-NEIS1874	NEIS1874,176,100.00,1056/1056,DNA
cgmlst-NEIS1875	NEIS1875,230,100.00,366/366,DNA
cgmlst-NEIS1876	NEIS1876,2,100.00,93/93,DNA
cgmlst-NEIS1877	NEIS1877,1,100.00,279/279,DNA
cgmlst-NEIS1879	NEIS1879,33,100.00,459/459,DNA
cgmlst-NEIS1880	NEIS1880,519,99.36,465/465,DNA
cgmlst-NEIS1882	NEIS1882,100,100.00,807/807,DNA
cgmlst-NEIS1883	NEIS1883,27,100.00,1371/1371,DNA
cgmlst-NEIS1885	NEIS1885,5,100.00,696/696,DNA
cgmlst-NEIS1887	NEIS1887,227,100.00,2112/2112,DNA
cgmlst-NEIS1889	NEIS1889,2,100.00,606/606,DNA
cgmlst-NEIS1890	NEIS1890,1,100.00,462/462,DNA
cgmlst-NEIS1891	NEIS1891,8,100.00,912/912,DNA
cgmlst-NEIS1892	NEIS1892,1136,100.00,1302/1302,DNA
cgmlst-NEIS1896	NEIS1896,7,100.00,276/276,DNA
cgmlst-NEIS1898	NEIS1898,180,100.00,795/795,DNA
cgmlst-NEIS1899	NEIS1899,48,100.00,726/726,DNA
cgmlst-NEIS1902	NEIS1902,44,100.00,1050/1050,DNA
cgmlst-NEIS1903	NEIS1903,504,100.00,2064/2064,DNA
cgmlst-NEIS1904	NEIS1904,29,100.00,906/906,DNA
cgmlst-NEIS1905	NEIS1905,6,100.00,423/423,DNA
cgmlst-NEIS1906	NEIS1906,125,100.00,1398/1398,DNA
cgmlst-NEIS1907	NEIS1907,15,100.00,876/876,DNA
cgmlst-NEIS1908	NEIS1908,109,100.00,1548/1548,DNA
cgmlst-NEIS1909	NEIS1909,7,100.00,534/534,DNA
cgmlst-NEIS1910	NEIS1910,1,100.00,471/471,DNA
cgmlst-NEIS1911	NEIS1911,1,100.00,237/237,DNA
cgmlst-NEIS1912	NEIS1912,81,100.00,867/867,DNA
cgmlst-NEIS1913	NEIS1913,4,100.00,354/354,DNA
cgmlst-NEIS1914	NEIS1914,140,100.00,339/339,DNA
cgmlst-NEIS1915	NEIS1915,83,100.00,861/861,DNA
cgmlst-NEIS1916	NEIS1916,6,100.00,672/672,DNA
cgmlst-NEIS1917	NEIS1917,325,100.00,864/864,DNA
cgmlst-NEIS1918	NEIS1918,366,100.00,687/687,DNA
cgmlst-NEIS1919	NEIS1919,50,100.00,738/738,DNA
cgmlst-NEIS1920	NEIS1920,40,99.19,1848/1848,DNA
cgmlst-NEIS1921	NEIS1921,20,100.00,213/213,DNA
cgmlst-NEIS1922	NEIS1922,8,100.00,405/405,DNA
cgmlst-NEIS1924	NEIS1924,60,100.00,393/393,DNA
cgmlst-NEIS1925	NEIS1925,3,100.00,606/606,DNA
cgmlst-NEIS1926	NEIS1926,8,100.00,1713/1713,DNA
cgmlst-NEIS1927	NEIS1927,14,100.00,642/642,DNA
cgmlst-NEIS1928	NEIS1928,1,100.00,216/216,DNA
cgmlst-NEIS1929	NEIS1929,14,100.00,518/518,DNA
cgmlst-NEIS1930	NEIS1930,76,100.00,489/489,DNA
cgmlst-NEIS1931	NEIS1931,1,100.00,384/384,DNA
cgmlst-NEIS1932	NEIS1932,1,100.00,483/483,DNA
cgmlst-NEIS1933	NEIS1933,12,100.00,828/828,DNA
cgmlst-NEIS1934	NEIS1934,83,100.00,303/303,DNA
cgmlst-NEIS1935	NEIS1935,42,100.00,591/591,DNA
cgmlst-NEIS1936	NEIS1936,9,100.00,480/480,DNA
cgmlst-NEIS1937	NEIS1937,85,100.00,777/777,DNA
cgmlst-NEIS1938	NEIS1938,93,100.00,861/861,DNA
cgmlst-NEIS1939	NEIS1939,148,100.00,918/918,DNA
cgmlst-NEIS1942	NEIS1942,238,100.00,1443/1443,DNA
cgmlst-NEIS1943	NEIS1943,373,100.00,3200/3200,DNA
cgmlst-NEIS1944	NEIS1944,5,100.00,1797/1797,DNA
cgmlst-NEIS1945	NEIS1945,7,100.00,1518/1518,DNA
cgmlst-NEIS1948	NEIS1948,40,99.69,1635/1635,DNA
cgmlst-NEIS1949	NEIS1949,3,100.00,288/288,DNA
cgmlst-NEIS1951	NEIS1951,129,100.00,1632/1632,DNA
cgmlst-NEIS1952	NEIS1952,353,100.00,1245/1245,DNA
cgmlst-NEIS1953	NEIS1953,58,100.00,171/171,DNA
cgmlst-NEIS1954	NEIS1954,8,100.00,324/324,DNA
cgmlst-NEIS1956	NEIS1956,68,100.00,507/507,DNA
cgmlst-NEIS1957	NEIS1957,280,100.00,2796/2796,DNA
cgmlst-NEIS1958	NEIS1958,93,100.00,723/723,DNA
cgmlst-NEIS1959	NEIS1959,57,100.00,4350/4350,DNA
cgmlst-NEIS1960	NEIS1960,1,100.00,432/432,DNA
cgmlst-NEIS1961	NEIS1961,11,100.00,156/156,DNA
cgmlst-NEIS1962	NEIS1962,2,100.00,1347/1347,DNA
cgmlst-NEIS1963	NEIS1963,375,100.00,2175/2175,DNA
cgmlst-NEIS1964	NEIS1964,33,100.00,1014/1014,DNA
cgmlst-NEIS1965	NEIS1965,249,100.00,834/834,DNA
cgmlst-NEIS1966	NEIS1966,306,100.00,975/975,DNA
cgmlst-NEIS1967	NEIS1967,212,100.00,627/627,DNA
cgmlst-NEIS1968	NEIS1968,39,100.00,759/759,DNA
cgmlst-NEIS1971	NEIS1971,28,100.00,339/339,DNA
cgmlst-NEIS1972	NEIS1972,423,100.00,3963/3963,DNA
cgmlst-NEIS1973	NEIS1973,179,100.00,753/753,DNA
cgmlst-NEIS1976	NEIS1976,46,100.00,1455/1455,DNA
cgmlst-NEIS1977	NEIS1977,5,100.00,1002/1002,DNA
cgmlst-NEIS1978	NEIS1978,149,100.00,756/756,DNA
cgmlst-NEIS1979	NEIS1979,1,100.00,219/219,DNA
cgmlst-NEIS1980	NEIS1980,7,100.00,345/345,DNA
cgmlst-NEIS1981	NEIS1981,8,100.00,693/693,DNA
cgmlst-NEIS1982	NEIS1982,36,100.00,1221/1221,DNA
cgmlst-NEIS1983	NEIS1983,59,100.00,1323/1323,DNA
cgmlst-NEIS1984	NEIS1984,84,100.00,1392/1392,DNA
cgmlst-NEIS1994	NEIS1994,2,100.00,270/270,DNA
cgmlst-NEIS1995	NEIS1995,4,100.00,450/450,DNA
cgmlst-NEIS1996	NEIS1996,?,-,-,DNA
cgmlst-NEIS1997	NEIS1997,16,92.47,704/705,DNA
cgmlst-NEIS1998	NEIS1998,11,100.00,513/513,DNA
cgmlst-NEIS1999	NEIS1999,1,100.00,684/684,DNA
cgmlst-NEIS2000	NEIS2000,175,100.00,267/267,DNA
cgmlst-NEIS2001	NEIS2001,6,100.00,471/471,DNA
cgmlst-NEIS2002	NEIS2002,79,100.00,387/387,DNA
cgmlst-NEIS2003	NEIS2003,7,100.00,594/594,DNA
cgmlst-NEIS2004	NEIS2004,97,100.00,600/600,DNA
cgmlst-NEIS2005	NEIS2005,976,100.00,1593/1593,DNA
cgmlst-NEIS2006	NEIS2006,21,100.00,1386/1386,DNA
cgmlst-NEIS2007	NEIS2007,8,100.00,519/519,DNA
cgmlst-NEIS2008	NEIS2008,49,100.00,918/918,DNA
cgmlst-NEIS2009	NEIS2009,4,100.00,750/750,DNA
cgmlst-NEIS2010	NEIS2010,53,100.00,1242/1242,DNA
cgmlst-NEIS2014	NEIS2014,511,100.00,564/564,DNA
cgmlst-NEIS2015	NEIS2015,20,100.00,744/744,DNA
cgmlst-NEIS2016	NEIS2016,9,100.00,693/693,DNA
cgmlst-NEIS2017	NEIS2017,1114,100.00,798/798,DNA
cgmlst-NEIS2018	NEIS2018,5,100.00,241/241,DNA
cgmlst-NEIS2019	NEIS2019,2,100.00,324/324,DNA
cgmlst-NEIS2021	NEIS2021,409,100.00,1902/1902,DNA
cgmlst-NEIS2022	NEIS2022,156,100.00,876/876,DNA
cgmlst-NEIS2023	NEIS2023,5,100.00,939/939,DNA
cgmlst-NEIS2024	NEIS2024,239,100.00,1776/1776,DNA
cgmlst-NEIS2025	NEIS2025,2,100.00,270/270,DNA
cgmlst-NEIS2026	NEIS2026,13,100.00,438/438,DNA
cgmlst-NEIS2027	NEIS2027,14,100.00,564/564,DNA
cgmlst-NEIS2028	NEIS2028,292,100.00,825/825,DNA
cgmlst-NEIS2029	NEIS2029,2,100.00,666/666,DNA
cgmlst-NEIS2030	NEIS2030,251,100.00,1785/1785,DNA
cgmlst-NEIS2032	NEIS2032,7,100.00,801/801,DNA
cgmlst-NEIS2033	NEIS2033,78,100.00,1350/1350,DNA
cgmlst-NEIS2034	NEIS2034,9,100.00,582/582,DNA
cgmlst-NEIS2035	NEIS2035,9,100.00,810/810,DNA
cgmlst-NEIS2036	NEIS2036,188,100.00,930/930,DNA
cgmlst-NEIS2037	NEIS2037,3,100.00,393/393,DNA
cgmlst-NEIS2038	NEIS2038,1,100.00,432/432,DNA
cgmlst-NEIS2039	NEIS2039,12,100.00,306/306,DNA
cgmlst-NEIS2040	NEIS2040,1,100.00,330/330,DNA
cgmlst-NEIS2041	NEIS2041,8,100.00,990/990,DNA
cgmlst-NEIS2042	NEIS2042,293,100.00,2703/2703,DNA
cgmlst-NEIS2043	NEIS2043,162,100.00,948/948,DNA
cgmlst-NEIS2044	NEIS2044,21,100.00,225/225,DNA
cgmlst-NEIS2045	NEIS2045,254,100.00,1389/1389,DNA
cgmlst-NEIS2046	NEIS2046,?,-,-,DNA
cgmlst-NEIS2047	NEIS2047,32,100.00,1485/1485,DNA
cgmlst-NEIS2048	NEIS2048,434,100.00,1224/1224,DNA
cgmlst-NEIS2049	NEIS2049,204,100.00,1101/1101,DNA
cgmlst-NEIS2050	NEIS2050,8,100.00,618/618,DNA
cgmlst-NEIS2051	NEIS2051,7,100.00,195/195,DNA
cgmlst-NEIS2052	NEIS2052,15,100.00,789/789,DNA
cgmlst-NEIS2053	NEIS2053,9,100.00,825/825,DNA
cgmlst-NEIS2054	NEIS2054,54,100.00,1779/1779,DNA
cgmlst-NEIS2055	NEIS2055,1,100.00,507/507,DNA
cgmlst-NEIS2056	NEIS2056,35,100.00,855/855,DNA
cgmlst-NEIS2057	NEIS2057,20,100.00,582/582,DNA
cgmlst-NEIS2058	NEIS2058,42,100.00,1116/1116,DNA
cgmlst-NEIS2059	NEIS2059,1,100.00,531/531,DNA
cgmlst-NEIS2060	NEIS2060,1,100.00,345/345,DNA
cgmlst-NEIS2061	NEIS2061,1,100.00,780/780,DNA
cgmlst-NEIS2062	NEIS2062,20,100.00,2100/2100,DNA
cgmlst-NEIS2065	NEIS2065,1,100.00,1155/1155,DNA
cgmlst-NEIS2066	NEIS2066,2,100.00,354/354,DNA
cgmlst-NEIS2068	NEIS2068,38,99.51,1018/1018,DNA
cgmlst-NEIS2069	NEIS2069,7,100.00,348/348,DNA
cgmlst-NEIS2070	NEIS2070,75,100.00,594/594,DNA
cgmlst-NEIS2071	NEIS2071,16,100.00,609/609,DNA
cgmlst-NEIS2073	NEIS2073,2,100.00,780/780,DNA
cgmlst-NEIS2074	NEIS2074,6,100.00,300/300,DNA
cgmlst-NEIS2075	NEIS2075,54,100.00,375/375,DNA
cgmlst-NEIS2076	NEIS2076,221,100.00,1467/1467,DNA
cgmlst-NEIS2077	NEIS2077,7,100.00,591/591,DNA
cgmlst-NEIS2078	NEIS2078,88,100.00,660/660,DNA
cgmlst-NEIS2079	NEIS2079,7,100.00,234/234,DNA
cgmlst-NEIS2080	NEIS2080,4,100.00,729/729,DNA
cgmlst-NEIS2081	NEIS2081,71,100.00,834/834,DNA
cgmlst-NEIS2082	NEIS2082,68,100.00,720/720,DNA
cgmlst-NEIS2083	NEIS2083,15,100.00,963/963,DNA
cgmlst-NEIS2088	NEIS2088,1,100.00,252/252,DNA
cgmlst-NEIS2089	NEIS2089,1,100.00,333/333,DNA
cgmlst-NEIS2098	NEIS2098,17,97.86,140/195,DNA
cgmlst-NEIS2099	NEIS2099,3,100.00,357/357,DNA
cgmlst-NEIS2100	NEIS2100,1,100.00,129/129,DNA
cgmlst-NEIS2101	NEIS2101,8,100.00,375/375,DNA
cgmlst-NEIS2103	NEIS2103,9,100.00,987/987,DNA
cgmlst-NEIS2104	NEIS2104,8,100.00,801/801,DNA
cgmlst-NEIS2106	NEIS2106,278,100.00,1344/1344,DNA
cgmlst-NEIS2107	NEIS2107,?,-,-,DNA
cgmlst-NEIS2108	NEIS2108,2,100.00,216/216,DNA
cgmlst-NEIS2109	NEIS2109,285,100.00,1281/1281,DNA
cgmlst-NEIS2110	NEIS2110,554,100.00,1230/1230,DNA
cgmlst-NEIS2112	NEIS2112,885,100.00,1848/1848,DNA
cgmlst-NEIS2113	NEIS2113,94,100.00,4170/4170,DNA
cgmlst-NEIS2114	NEIS2114,96,100.00,1458/1458,DNA
cgmlst-NEIS2116	NEIS2116,51,100.00,1104/1104,DNA
cgmlst-NEIS2118	NEIS2118,41,100.00,903/903,DNA
cgmlst-NEIS2119	NEIS2119,1,100.00,450/450,DNA
cgmlst-NEIS2120	NEIS2120,1,100.00,309/309,DNA
cgmlst-NEIS2121	NEIS2121,36,100.00,867/867,DNA
cgmlst-NEIS2122	NEIS2122,38,100.00,768/768,DNA
cgmlst-NEIS2123	NEIS2123,23,100.00,588/588,DNA
cgmlst-NEIS2124	NEIS2124,1,100.00,441/441,DNA
cgmlst-NEIS2128	NEIS2128,201,100.00,603/603,DNA
cgmlst-NEIS2129	NEIS2129,13,100.00,1272/1272,DNA
cgmlst-NEIS2130	NEIS2130,2,100.00,318/318,DNA
cgmlst-NEIS2131	NEIS2131,12,100.00,612/612,DNA
cgmlst-NEIS2132	NEIS2132,11,100.00,936/936,DNA
cgmlst-NEIS2133	NEIS2133,?,-,-,DNA
cgmlst-NEIS2134	NEIS2134,4,100.00,969/969,DNA
cgmlst-NEIS2135	NEIS2135,6,100.00,636/636,DNA
cgmlst-NEIS2136	NEIS2136,595,100.00,681/681,DNA
cgmlst-NEIS2137	NEIS2137,387,100.00,1005/1005,DNA
cgmlst-NEIS2138	NEIS2138,493,100.00,2595/2595,DNA
cgmlst-NEIS2139	NEIS2139,12,100.00,492/492,DNA
cgmlst-NEIS2140	NEIS2140,15,100.00,396/396,DNA
cgmlst-NEIS2141	NEIS2141,305,100.00,1395/1395,DNA
cgmlst-NEIS2142	NEIS2142,28,100.00,657/657,DNA
cgmlst-NEIS2143	NEIS2143,25,100.00,354/354,DNA
cgmlst-NEIS2144	NEIS2144,22,100.00,483/483,DNA
cgmlst-NEIS2145	NEIS2145,20,100.00,651/651,DNA
cgmlst-NEIS2146	NEIS2146,226,100.00,918/918,DNA
cgmlst-NEIS2147	NEIS2147,76,100.00,279/279,DNA
cgmlst-NEIS2148	NEIS2148,287,100.00,1179/1179,DNA
cgmlst-NEIS2149	NEIS2149,11,100.00,1254/1254,DNA
cgmlst-NEIS2150	NEIS2150,8,100.00,975/975,DNA
cgmlst-NEIS2151	NEIS2151,27,100.00,462/462,DNA
cgmlst-NEIS2152	NEIS2152,212,100.00,1338/1338,DNA
cgmlst-NEIS2153	NEIS2153,26,100.00,1449/1449,DNA
cgmlst-NEIS2483	NEIS2483,1,100.00,270/270,DNA
detected_serogroup	Y
serogroup_nb_hits	5
serogroup_nb_hits_perfect	4
serogroup_total_loci	6