pipeline_name	STEC pipeline
pipeline_version	1.0
sample	TIAC3577
input_files	TIAC3577_1.fastq.gz, TIAC3577_2.fastq.gz
analysis_date	19/05/2022 - 09:35:44
detection_method	blast
read_type	illumina
downsampling_coverage_estimated	53.58
downsampling_coverage_target	100.00
downsampling_downsample_factor	None
downsampling_mean_read_length	293.57
downsampling_nb_read_pairs_in	501765
downsampling_nb_read_pairs_out	501765
downsampling_size_ref_genome	5498578
downsampling_total_bases	294610632
trimming_pairs_in	501765
trimming_pairs_out	379888
trimming_fwd_only_surviving	78932
trimming_rev_only_surviving	21803
trimming_pairs_both_dropped	21142
assembly_n50	160705
assembly_nb_contigs	108
assembly_total_length	5287843
qc_kraken_status	OK
qc_kraken_value	0.00%
qc_cgmlst_status	OK
qc_cgmlst_value	99.68%
qc_cov_assembly_status	OK
qc_cov_assembly_value	25.00x
qc_map_rate_assembly_status	OK
qc_map_rate_assembly_value	98.23%
qc_fqc_avg_qual_fwd_status	OK
qc_fqc_avg_qual_fwd_value	34
qc_fqc_avg_qual_rev_status	OK
qc_fqc_avg_qual_rev_value	34
qc_fqc_gc_fwd_status	OK
qc_fqc_gc_fwd_value	0.50%
qc_fqc_gc_rev_status	OK
qc_fqc_gc_rev_value	0.50%
qc_fqc_n_fraction_fwd_status	OK
qc_fqc_n_fraction_fwd_value	0.0000
qc_fqc_n_fraction_rev_status	OK
qc_fqc_n_fraction_rev_value	0.0000
qc_fqc_per_base_fwd_status	OK
qc_fqc_per_base_fwd_value	0.91%
qc_fqc_per_base_rev_status	Warning
qc_fqc_per_base_rev_value	3.56%
qc_fqc_qscore_fwd_status	OK
qc_fqc_qscore_fwd_value	300
qc_fqc_qscore_rev_status	OK
qc_fqc_qscore_rev_value	255
qc_fqc_seq_len_fwd_status	Warning
qc_fqc_seq_len_fwd_value	64.45%
qc_fqc_seq_len_rev_status	Warning
qc_fqc_seq_len_rev_value	54.49%
kraken2_expected_species	Escherichia coli
kraken2_expected_species_occurrence	64.72
kraken2_contaminants_warn	[]
kraken2_contaminants_fail	[]
vc-mapping_rate	92.84
vc-median_depth	24.0
filt-depth-in	389
filt-depth-out	299
filt-distance-in	231
filt-distance-out	216
filt-mapping_qual-in	277
filt-mapping_qual-out	231
filt-region-in	214
filt-region-out	214
filt-snp_qual-in	299
filt-snp_qual-out	277
filt-zscore-in	216
filt-zscore-out	214
hits_resfinder	[["Cluster_104", "mdf(A)_1", "98.54", "1233/1233", "NODE_8_length_244846_cov_7.554023", "152634..153866", "macrolide", "Y08743"]]
hits_card	[["Cluster_12", "acrB", "99.11", "3150/3150", "NODE_7_length_269190_cov_7.766211", "199635..202784", "U00096.3"], ["Cluster_23", "mdtF", "98.91", "3114/3114", "NODE_5_length_314271_cov_8.091480", "99483..102596", "U00096.1"], ["Cluster_217", "mdtM", "96.11", "1233/1233", "NODE_1_length_375429_cov_8.398218", "80008..81240", "U00096.3"], ["Cluster_991", "H-NS", "100.00", "414/414", "NODE_14_length_110000_cov_7.695476", "36848..37261", "BA000007.3"], ["Cluster_32", "mdtC", "97.60", "3078/3078", "NODE_16_length_104593_cov_7.513344", "47391..50468", "U00096.1"], ["Cluster_1", "evgS", "96.97", "3594/3594", "NODE_4_length_358130_cov_7.767343", "232048..235641", "U00096.1"], ["Cluster_925", "emrR", "99.62", "531/531", "NODE_2_length_362173_cov_8.090256", "317940..318470", "U00096.3"], ["Cluster_788", "baeR", "97.37", "723/723", "NODE_16_length_104593_cov_7.513344", "53281..54003", "AP009048.1"], ["Cluster_24", "acrD", "99.13", "3114/3114", "NODE_4_length_358130_cov_7.767343", "141319..144432", "AP009048.1"], ["Cluster_180", "cpxA", "100.00", "1374/1374", "NODE_20_length_92292_cov_8.817697", "24068..25441", "BA000007.3"], ["Cluster_367", "mdtN", "97.77", "1032/1032", "NODE_6_length_288792_cov_8.430191", "95160..96191", "AP009048.1"], ["Cluster_298", "AcrE", "99.14", "1158/1158", "NODE_13_length_124419_cov_8.604013", "8814..9971", "U00096.1"], ["Cluster_278", "emrA", "99.23", "1173/1173", "NODE_2_length_362173_cov_8.090256", "316641..317813", "AP009048.1"], ["Cluster_637", "bacA", "99.51", "822/822", "NODE_9_length_160705_cov_8.101259", "89673..90494", "U00096.3"], ["Cluster_125", "emrB", "98.64", "1539/1539", "NODE_2_length_362173_cov_8.090256", "315086..316624", "U00096.1"], ["Cluster_299", "mdtE", "99.14", "1158/1158", "NODE_5_length_314271_cov_8.091480", "102621..103778", "AP009048.1"], ["Cluster_999", "marA", "99.22", "384/384", "NODE_15_length_108881_cov_7.191984", "16588..16971", "AP009048.1"], ["Cluster_50", "mdtO", "97.90", "2052/2052", "NODE_6_length_288792_cov_8.430191", "93109..95160", "AP009048.1"], ["Cluster_192", "Ecol_ampC1_BLA", "96.94", "1305/1305", "NODE_4_length_358130_cov_7.767343", "175460..176764", "FN649414.1"], ["Cluster_397", "PmrF", "99.17", "969/969", "NODE_4_length_358130_cov_7.767343", "349599..350567", "U00096.1"], ["Cluster_781", "gadW", "94.92", "729/729", "NODE_5_length_314271_cov_8.091480", "98392..99120", "CP015085.1"], ["Cluster_816", "kdpE", "97.20", "678/678", "NODE_12_length_142678_cov_7.474862", "134039..134716", "U00096.3"], ["Cluster_76", "msbA", "98.69", "1749/1749", "NODE_8_length_244846_cov_7.554023", "64787..66535", "U00096.3"], ["Cluster_1012", "Ecol_emrE", "98.80", "333/333", "NODE_26_length_49129_cov_7.024203", "10487..10819", "Z11877.1"], ["Cluster_254", "Ecol_acrA", "99.83", "1194/1194", "NODE_7_length_269190_cov_7.766211", "202807..204000", "U00096.3"], ["Cluster_219", "Ecol_mdfA", "97.00", "1233/1233", "NODE_8_length_244846_cov_7.554023", "152634..153866", "JQ394987.1"], ["Cluster_321", "EC-15", "98.06", "1134/1134", "NODE_6_length_288792_cov_8.430191", "171488..172621", "NG_049081.1"], ["Cluster_237", "mdtH", "98.59", "1209/1209", "NODE_18_length_95300_cov_7.695565", "61430..62638", "U00096.1"], ["Cluster_210", "mdtA", "98.08", "1248/1248", "NODE_16_length_104593_cov_7.513344", "43021..44268", "U00096.1"], ["Cluster_144", "mdtP", "97.89", "1467/1467", "NODE_6_length_288792_cov_8.430191", "91646..93112", "AP009048.1"], ["Cluster_136", "TolC", "98.92", "1488/1488", "NODE_9_length_160705_cov_8.101259", "107642..109129", "FJ768952.1"], ["Cluster_303", "Ecol_ampH_BLA", "99.48", "1158/1158", "NODE_7_length_269190_cov_7.766211", "107224..108381", "AP012030.1"], ["Cluster_100", "YojI", "99.27", "1644/1644", "NODE_10_length_149125_cov_7.482859", "100121..101764", "U00096.3"], ["Cluster_123", "emrY", "98.77", "1539/1539", "NODE_4_length_358130_cov_7.767343", "237839..239377", "D78168.1"], ["Cluster_223", "mdtG", "98.78", "1227/1227", "NODE_18_length_95300_cov_7.695565", "71269..72495", "CP000800.1"], ["Cluster_350", "emrK", "98.67", "1056/1056", "NODE_4_length_358130_cov_7.767343", "236784..237839", "D78168.1"], ["Cluster_98", "eptA", "98.97", "1644/1644", "NODE_6_length_288792_cov_8.430191", "127793..129436", "AP009048.1"], ["Cluster_823", "AcrS", "99.40", "663/663", "NODE_13_length_124419_cov_8.604013", "10370..11032", "U00096.1"], ["Cluster_21", "mdtB", "97.53", "3123/3123", "NODE_16_length_104593_cov_7.513344", "44268..47390", "U00096.1"], ["Cluster_628", "gadX", "98.30", "825/825", "NODE_5_length_314271_cov_8.091480", "97200..98024", "AP009048.1"], ["Cluster_859", "CRP", "99.05", "633/633", "NODE_5_length_314271_cov_8.091480", "298512..299144", "AP009048.1"], ["Cluster_287", "ugd", "97.34", "1167/1167", "NODE_33_length_40539_cov_7.178487", "14740..15906", "U00096.1"], ["Cluster_168", "baeS", "98.01", "1404/1404", "NODE_16_length_104593_cov_7.513344", "51881..53284", "AP009048.1"], ["Cluster_873", "evgA", "100.00", "615/615", "NODE_4_length_358130_cov_7.767343", "235646..236260", "BA000007.3"]]
hits_argannot	[["Cluster_125", "(Bla)ampH_Ecoli", "99.48", "1158/1158", "NODE_7_length_269190_cov_7.766211", "107224..108381", "AP012030"], ["Cluster_21", "(Bla)Penicillin_Binding_Protein_Ecoli", "99.00", "1902/1902", "NODE_12_length_142678_cov_7.474862", "82230..84131", "CP002291"], ["Cluster_71", "(Bla)AmpC1_Ecoli", "96.94", "1305/1305", "NODE_4_length_358130_cov_7.767343", "175460..176764", "FN649414"], ["Cluster_136", "(Bla)AmpC2_Ecoli", "97.35", "1134/1134", "NODE_6_length_288792_cov_8.430191", "171488..172621", "CP002970"]]
hits_ncbi_amr	[["Cluster_236", "blaEC-15", "98.06", "1134/1134", "NODE_6_length_288792_cov_8.430191", "171488..172621", "Cephalosporin", "NG_049081.1"], ["Cluster_170", "emrD", "98.41", "1191/1191", "NODE_11_length_146653_cov_8.571475", "55812..57002", "Efflux", "GG749185.1"]]
pointfinder_mutations	[["gyrA p.D678E", "GAC -> GAA", "D -> E", "Unknown", "-"], ["parC p.E62K", "GAA -> AAA", "E -> K", "Unknown", "-"], ["parE p.T155N", "ACT -> AAT", "T -> N", "Unknown", "-"], ["pmrB p.H2R", "CAT -> CGT", "H -> R", "Unknown", "-"], ["pmrB p.D283G", "GAC -> GGC", "D -> G", "Unknown", "-"], ["pmrB p.Y358N", "TAC -> AAC", "Y -> N", "Unknown", "-"], ["23S r.137T>A", "T -> A", "RNA mutations", "Unknown", "-"], ["23S r.142A>T", "A -> T", "RNA mutations", "Unknown", "-"], ["23S r.264C>G", "C -> G", "RNA mutations", "Unknown", "-"], ["23S r.356G>A", "G -> A", "RNA mutations", "Unknown", "-"], ["23S r.542_543insA", "ins -> A", "RNA mutations", "Unknown", "-"], ["23S r.544C>A", "C -> A", "RNA mutations", "Unknown", "-"], ["23S r.545T>G", "T -> G", "RNA mutations", "Unknown", "-"], ["23S r.546T>C", "T -> C", "RNA mutations", "Unknown", "-"], ["23S r.548G>A", "G -> A", "RNA mutations", "Unknown", "-"], ["23S r.549G>T", "G -> T", "RNA mutations", "Unknown", "-"], ["23S r.550_551insT", "ins -> T", "RNA mutations", "Unknown", "-"], ["23S r.646T>C", "T -> C", "RNA mutations", "Unknown", "-"], ["23S r.1171G>A", "G -> A", "RNA mutations", "Unknown", "-"], ["23S r.1174T>G", "T -> G", "RNA mutations", "Unknown", "-"], ["23S r.1175delA", "del -> A", "RNA mutations", "Unknown", "-"], ["23S r.1178C>T", "C -> T", "RNA mutations", "Unknown", "-"], ["23S r.1211C>T", "C -> T", "RNA mutations", "Unknown", "-"], ["23S r.1723G>A", "G -> A", "RNA mutations", "Unknown", "-"], ["23S r.1865T>C", "T -> C", "RNA mutations", "Unknown", "-"], ["23S r.2203T>G", "T -> G", "RNA mutations", "Unknown", "-"], ["23S r.2211A>G", "A -> G", "RNA mutations", "Unknown", "-"], ["16S_rrsB r.1002G>A", "G -> A", "RNA mutations", "Unknown", "-"], ["16S_rrsB r.1006G>C", "G -> C", "RNA mutations", "Unknown", "-"], ["16S_rrsB r.1010T>C", "T -> C", "RNA mutations", "Unknown", "-"], ["16S_rrsB r.1019delA", "del -> A", "RNA mutations", "Unknown", "-"], ["16S_rrsB r.1022A>T", "A -> T", "RNA mutations", "Unknown", "-"], ["16S_rrsB r.1023_1024insG", "ins -> G", "RNA mutations", "Unknown", "-"], ["16S_rrsB r.1038C>T", "C -> T", "RNA mutations", "Unknown", "-"], ["16S_rrsB r.1422G>A", "G -> A", "RNA mutations", "Unknown", "-"], ["16S_rrsC r.79A>G", "A -> G", "RNA mutations", "Unknown", "-"], ["16S_rrsC r.80C>A", "C -> A", "RNA mutations", "Unknown", "-"], ["16S_rrsC r.89G>T", "G -> T", "RNA mutations", "Unknown", "-"], ["16S_rrsC r.90T>C", "T -> C", "RNA mutations", "Unknown", "-"], ["16S_rrsC r.93C>T", "C -> T", "RNA mutations", "Unknown", "-"], ["16S_rrsC r.226A>G", "A -> G", "RNA mutations", "Unknown", "-"], ["16S_rrsC r.1002G>A", "G -> A", "RNA mutations", "Unknown", "-"], ["16S_rrsC r.1006G>C", "G -> C", "RNA mutations", "Unknown", "-"], ["16S_rrsC r.1010T>C", "T -> C", "RNA mutations", "Unknown", "-"], ["16S_rrsC r.1019delA", "del -> A", "RNA mutations", "Unknown", "-"], ["16S_rrsC r.1022A>T", "A -> T", "RNA mutations", "Unknown", "-"], ["16S_rrsC r.1023_1024insG", "ins -> G", "RNA mutations", "Unknown", "-"], ["16S_rrsC r.1038C>T", "C -> T", "RNA mutations", "Unknown", "-"], ["16S_rrsC r.1422G>A", "G -> A", "RNA mutations", "Unknown", "-"], ["16S_rrsH r.1120T>C", "T -> C", "RNA mutations", "Unknown", "-"], ["16S_rrsH r.1422G>A", "G -> A", "RNA mutations", "Unknown", "-"]]
hits_virulencefinder	[["Cluster_17", "eae_42", "100.00", "2805/2805", "NODE_11_length_146653_cov_8.571475", "7874..10678", "Intimin", "AF071034"], ["Cluster_84", "espA_19", "100.00", "579/579", "NODE_11_length_146653_cov_8.571475", "4555..5133", "Type III secretions system", "AE005174"], ["Cluster_58", "espB_6", "100.00", "939/939", "NODE_11_length_146653_cov_8.571475", "2459..3397", "Secreted protein B", "AE005174"], ["Cluster_62", "espF_12", "90.51", "474/621", "NODE_11_length_146653_cov_8.571475", "965..1419", "Type III secretion system", "FM180568"], ["Cluster_81", "espJ_2", "100.00", "654/654", "NODE_25_length_65539_cov_7.620605", "64033..64686", "Prophage-encoded type III secretion system effector", "AE005174"], ["Cluster_10", "espP_4", "100.00", "3903/3903", "NODE_30_length_42957_cov_7.443941", "38790..42692", "Extracellular serine protease plasmid-encoded", "AB011549"], ["Cluster_28", "etpD_1", "100.00", "1758/1758", "NODE_30_length_42957_cov_7.443941", "25293..27050", "Type II secretion protein", "AB011549"], ["Cluster_41", "gad_6", "100.00", "1401/1401", "NODE_5_length_314271_cov_8.091480", "95429..96829", "Glutamate decarboxylase", "BA000007"], ["Cluster_41", "gad_44", "100.00", "1401/1401", "NODE_15_length_108881_cov_7.191984", "67666..69066", "Glutamate decarboxylase", "BA000007"], ["Cluster_16", "ehxA_3", "100.00", "2997/2997", "NODE_30_length_42957_cov_7.443941", "11117..14113", "Enterohaemolysin", "AB011549"], ["Cluster_26", "iha_14", "100.00", "2091/2091", "NODE_27_length_47564_cov_7.975483", "11564..13654", "Adherence protein", "AE005174"], ["Cluster_105", "iss_3", "98.30", "294/294", "NODE_26_length_49129_cov_7.024203", "4251..4544", "Increased serum survival", "CP001509"], ["Cluster_23", "katP_1", "100.00", "2211/2211", "NODE_68_length_3956_cov_9.080178", "775..2985", "Plasmid-encoded catalase peroxidase", "AB011549"], ["Cluster_42", "nleA_8", "100.00", "1326/1326", "NODE_55_length_6855_cov_7.309304", "4428..5753", "Non-LEE encoded effector A", "AE005174"], ["Cluster_53", "nleB_3", "100.00", "981/981", "NODE_8_length_244846_cov_7.554023", "237225..238205", "Non-LEE encoded effector B", "AE005174"], ["Cluster_52", "nleB_13", "100.00", "990/990", "NODE_45_length_15179_cov_7.790659", "9335..10324", "Non-LEE encoded effector B", "AE005174"], ["Cluster_51", "nleC_4", "100.00", "993/993", "NODE_8_length_244846_cov_7.554023", "236172..237164", "Non-LEE encoded effector C", "AE005174"], ["Cluster_54", "stx2A_75", "100.00", "960/960", "NODE_42_length_22838_cov_9.400026", "18061..19020", "Shiga toxin 2, subunit A", "AB048837"], ["Cluster_116", "astA_8", "100.00", "97/117", "NODE_55_length_6855_cov_7.309304", "539..635", "EAST-1 heat-stable toxin", "HM099897"], ["Cluster_110", "stx2B_27", "100.00", "270/270", "NODE_42_length_22838_cov_9.400026", "19032..19301", "Shiga toxin 2, subunit B", "AE005174"], ["Cluster_29", "tccP_25", "99.34", "753/753", "NODE_31_length_41850_cov_8.116051", "564..1315", "Tir-cytoskeleton coupling protein", "AB253559"], ["Cluster_30", "tir_26", "100.00", "1677/1677", "NODE_11_length_146653_cov_8.571475", "11346..13022", "Translocated intimin receptor protein", "AE005174"], ["Cluster_2", "toxB_1", "99.94", "8823/9510", "NODE_51_length_9033_cov_5.446216", "1..8823", "Toxin B", "AB011549"]]
hits_virulencefinder_shiga	[["Cluster_0", "stx2_31", "100.00", "1241/1241", "NODE_42_length_22838_cov_9.400026", "18061..19301", "O157 EDL933, variant a", "X07865"]]
hits_plasmidfinder	[["Cluster_30", "IncFIB(AP001918)_1", "98.24", "682/682", "NODE_30_length_42957_cov_7.443941", "4328..5009", "", "AP001918"], ["Cluster_52", "IncFII_1", "96.17", "261/261", "NODE_50_length_9426_cov_6.063448", "3084..3342", "", "AY458016"]]
hits_serotype_h	[["Cluster_6", "fliC_15", "100.00", "1758/1758", "NODE_25_length_65539_cov_7.620605", "19839..21596", "H7", "AF228487"]]
hits_serotype_o	[["Cluster_38", "wzx_201", "100.00", "1392/1392", "NODE_33_length_40539_cov_7.178487", "1807..3198", "O157", "JH959508"], ["Cluster_235", "wzy_193", "99.55", "1105/1167", "NODE_33_length_40539_cov_7.178487", "1..1105", "O157", "JH964427"]]
serotype	O157:H7
mlst_pasteur-ST	822
mlst_pasteur-percent_detected	100.0
mlst_pasteur-dinB	dinB,68,100.00,450/450,DNA
mlst_pasteur-icdA	icdA,110,100.00,516/516,DNA
mlst_pasteur-pabB	pabB,88,100.00,468/468,DNA
mlst_pasteur-polB	polB,63,100.00,450/450,DNA
mlst_pasteur-putP	putP,93,100.00,456/456,DNA
mlst_pasteur-trpA	trpA,84,100.00,561/561,DNA
mlst_pasteur-trpB	trpB,86,100.00,594/594,DNA
mlst_pasteur-uidA	uidA,83,100.00,602/602,DNA
mlst_warwick-ST	11
mlst_warwick-percent_detected	100.0
mlst_warwick-adk	adk,12,100.00,536/536,DNA
mlst_warwick-fumC	fumC,12,100.00,469/469,DNA
mlst_warwick-gyrB	gyrB,8,100.00,460/460,DNA
mlst_warwick-icd	icd,12,100.00,518/518,DNA
mlst_warwick-mdh	mdh,15,100.00,452/452,DNA
mlst_warwick-purA	purA,2,100.00,478/478,DNA
mlst_warwick-recA	recA,2,100.00,510/510,DNA
cgmlst-AEJV01_03887	AEJV01_03887,5,100.00,222/222,DNA
cgmlst-C_RS24035	C_RS24035,9,100.00,1680/1680,DNA
cgmlst-C_RS24040	C_RS24040,4,100.00,420/420,DNA
cgmlst-EAKF1_RS07940	EAKF1_RS07940,5,100.00,132/132,DNA
cgmlst-ECs0267	ECs0267,1,100.00,402/402,DNA
cgmlst-ECs4266	ECs4266,1,100.00,759/759,DNA
cgmlst-ECs4518	ECs4518,1,100.00,717/717,DNA
cgmlst-ECs4702	ECs4702,1,100.00,1647/1647,DNA
cgmlst-EFER_RS06010	EFER_RS06010,11,100.00,1137/1137,DNA
cgmlst-EFER_RS09440	EFER_RS09440,4,100.00,159/159,DNA
cgmlst-NCTC12129_00311	NCTC12129_00311,12,100.00,2394/2394,DNA
cgmlst-NCTC12129_01305	NCTC12129_01305,10,100.00,783/783,DNA
cgmlst-NCTC12129_03460	NCTC12129_03460,11,100.00,1206/1206,DNA
cgmlst-NCTC12129_03503	NCTC12129_03503,11,100.00,756/756,DNA
cgmlst-NCTC12130_00627	NCTC12130_00627,9,100.00,660/660,DNA
cgmlst-b0001	b0001,2,100.00,84/84,DNA
cgmlst-b0002	b0002,13,100.00,2463/2463,DNA
cgmlst-b0003	b0003,9,100.00,933/933,DNA
cgmlst-b0004	b0004,12,100.00,1287/1287,DNA
cgmlst-b0005	b0005,9,100.00,297/297,DNA
cgmlst-b0006	b0006,11,100.00,777/777,DNA
cgmlst-b0008	b0008,11,100.00,954/954,DNA
cgmlst-b0009	b0009,12,100.00,588/588,DNA
cgmlst-b0010	b0010,9,100.00,567/567,DNA
cgmlst-b0011	b0011,10,100.00,714/714,DNA
cgmlst-b0013	b0013,11,100.00,405/405,DNA
cgmlst-b0014	b0014,11,100.00,1917/1917,DNA
cgmlst-b0015	b0015,10,100.00,1131/1131,DNA
cgmlst-b0018	b0018,?,-,-,DNA
cgmlst-b0019	b0019,12,100.00,1167/1167,DNA
cgmlst-b0020	b0020,10,100.00,906/906,DNA
cgmlst-b0023	b0023,1,100.00,264/264,DNA
cgmlst-b0024	b0024,6,100.00,225/225,DNA
cgmlst-b0025	b0025,10,100.00,942/942,DNA
cgmlst-b0026	b0026,11,100.00,2817/2817,DNA
cgmlst-b0027	b0027,9,100.00,495/495,DNA
cgmlst-b0028	b0028,10,100.00,450/450,DNA
cgmlst-b0029	b0029,10,100.00,951/951,DNA
cgmlst-b0030	b0030,10,100.00,915/915,DNA
cgmlst-b0031	b0031,9,100.00,822/822,DNA
cgmlst-b0032	b0032,10,100.00,1149/1149,DNA
cgmlst-b0033	b0033,11,100.00,3222/3222,DNA
cgmlst-b0034	b0034,6,100.00,396/396,DNA
cgmlst-b0035	b0035,10,100.00,591/591,DNA
cgmlst-b0036	b0036,10,100.00,786/786,DNA
cgmlst-b0037	b0037,11,100.00,1554/1554,DNA
cgmlst-b0039	b0039,6,100.00,1143/1143,DNA
cgmlst-b0040	b0040,10,100.00,1515/1515,DNA
cgmlst-b0041	b0041,11,100.00,771/771,DNA
cgmlst-b0042	b0042,10,100.00,942/942,DNA
cgmlst-b0043	b0043,9,100.00,1287/1287,DNA
cgmlst-b0044	b0044,9,100.00,288/288,DNA
cgmlst-b0046	b0046,12,100.00,531/531,DNA
cgmlst-b0047	b0047,12,100.00,1863/1863,DNA
cgmlst-b0048	b0048,10,100.00,480/480,DNA
cgmlst-b0050	b0050,3,100.00,378/378,DNA
cgmlst-b0051	b0051,9,100.00,822/822,DNA
cgmlst-b0052	b0052,9,100.00,990/990,DNA
cgmlst-b0053	b0053,10,100.00,1287/1287,DNA
cgmlst-b0054	b0054,12,100.00,2355/2355,DNA
cgmlst-b0055	b0055,10,100.00,816/816,DNA
cgmlst-b0058	b0058,9,100.00,660/660,DNA
cgmlst-b0059	b0059,11,100.00,2907/2907,DNA
cgmlst-b0060	b0060,11,100.00,2352/2352,DNA
cgmlst-b0062	b0062,11,100.00,1503/1503,DNA
cgmlst-b0063	b0063,2246,100.00,1701/1701,DNA
cgmlst-b0065	b0065,11,100.00,765/765,DNA
cgmlst-b0066	b0066,12,100.00,699/699,DNA
cgmlst-b0067	b0067,13,100.00,1611/1611,DNA
cgmlst-b0068	b0068,11,100.00,984/984,DNA
cgmlst-b0071	b0071,9,100.00,606/606,DNA
cgmlst-b0072	b0072,10,100.00,1401/1401,DNA
cgmlst-b0073	b0073,9,100.00,1092/1092,DNA
cgmlst-b0074	b0074,10,100.00,1572/1572,DNA
cgmlst-b0075	b0075,1,100.00,87/87,DNA
cgmlst-b0076	b0076,12,100.00,945/945,DNA
cgmlst-b0077	b0077,12,100.00,1725/1725,DNA
cgmlst-b0078	b0078,8,100.00,492/492,DNA
cgmlst-b0080	b0080,10,100.00,1005/1005,DNA
cgmlst-b0081	b0081,6,100.00,459/459,DNA
cgmlst-b0082	b0082,11,100.00,942/942,DNA
cgmlst-b0083	b0083,2,100.00,366/366,DNA
cgmlst-b0084	b0084,10,100.00,1767/1767,DNA
cgmlst-b0085	b0085,12,100.00,1488/1488,DNA
cgmlst-b0086	b0086,12,100.00,1359/1359,DNA
cgmlst-b0087	b0087,10,100.00,1083/1083,DNA
cgmlst-b0088	b0088,11,100.00,1317/1317,DNA
cgmlst-b0089	b0089,9,100.00,1245/1245,DNA
cgmlst-b0090	b0090,12,100.00,1068/1068,DNA
cgmlst-b0091	b0091,10,100.00,1476/1476,DNA
cgmlst-b0092	b0092,11,100.00,921/921,DNA
cgmlst-b0093	b0093,8,100.00,831/831,DNA
cgmlst-b0094	b0094,11,100.00,1263/1263,DNA
cgmlst-b0095	b0095,9,100.00,1152/1152,DNA
cgmlst-b0096	b0096,8,100.00,918/918,DNA
cgmlst-b0097	b0097,7,100.00,513/513,DNA
cgmlst-b0098	b0098,9,100.00,2706/2706,DNA
cgmlst-b0101	b0101,3,100.00,198/198,DNA
cgmlst-b0102	b0102,35,100.00,744/744,DNA
cgmlst-b0103	b0103,12,100.00,621/621,DNA
cgmlst-b0104	b0104,10,100.00,1044/1044,DNA
cgmlst-b0106	b0106,11,100.00,1203/1203,DNA
cgmlst-b0108	b0108,8,100.00,441/441,DNA
cgmlst-b0109	b0109,12,100.00,894/894,DNA
cgmlst-b0110	b0110,8,100.00,552/552,DNA
cgmlst-b0111	b0111,11,100.00,855/855,DNA
cgmlst-b0112	b0112,9,100.00,1374/1374,DNA
cgmlst-b0113	b0113,10,100.00,765/765,DNA
cgmlst-b0114	b0114,11,100.00,2664/2664,DNA
cgmlst-b0115	b0115,10,100.00,1893/1893,DNA
cgmlst-b0116	b0116,10,100.00,1425/1425,DNA
cgmlst-b0118	b0118,10,100.00,2598/2598,DNA
cgmlst-b0119	b0119,10,100.00,363/363,DNA
cgmlst-b0120	b0120,9,100.00,795/795,DNA
cgmlst-b0121	b0121,11,100.00,867/867,DNA
cgmlst-b0122	b0122,8,100.00,348/348,DNA
cgmlst-b0123	b0123,11,100.00,1551/1551,DNA
cgmlst-b0125	b0125,8,100.00,537/537,DNA
cgmlst-b0126	b0126,9,100.00,663/663,DNA
cgmlst-b0127	b0127,11,100.00,927/927,DNA
cgmlst-b0128	b0128,11,100.00,771/771,DNA
cgmlst-b0129	b0129,9,100.00,441/441,DNA
cgmlst-b0130	b0130,10,100.00,1230/1230,DNA
cgmlst-b0131	b0131,1,100.00,381/381,DNA
cgmlst-b0133	b0133,44,100.00,852/852,DNA
cgmlst-b0134	b0134,12,100.00,795/795,DNA
cgmlst-b0142	b0142,12,100.00,480/480,DNA
cgmlst-b0143	b0143,10,100.00,1398/1398,DNA
cgmlst-b0144	b0144,9,100.00,927/927,DNA
cgmlst-b0145	b0145,5,100.00,456/456,DNA
cgmlst-b0146	b0146,1,100.00,705/705,DNA
cgmlst-b0147	b0147,11,100.00,531/531,DNA
cgmlst-b0148	b0148,68,100.00,2430/2430,DNA
cgmlst-b0149	b0149,12,100.00,2535/2535,DNA
cgmlst-b0151	b0151,10,100.00,798/798,DNA
cgmlst-b0152	b0152,11,100.00,891/891,DNA
cgmlst-b0153	b0153,13,100.00,1983/1983,DNA
cgmlst-b0154	b0154,11,100.00,1281/1281,DNA
cgmlst-b0155	b0155,11,100.00,1422/1422,DNA
cgmlst-b0156	b0156,8,100.00,345/345,DNA
cgmlst-b0157	b0157,10,100.00,624/624,DNA
cgmlst-b0158	b0158,9,100.00,801/801,DNA
cgmlst-b0159	b0159,10,100.00,699/699,DNA
cgmlst-b0161	b0161,9,100.00,1425/1425,DNA
cgmlst-b0162	b0162,11,100.00,1158/1158,DNA
cgmlst-b0163	b0163,1,100.00,387/387,DNA
cgmlst-b0166	b0166,11,100.00,825/825,DNA
cgmlst-b0167	b0167,12,100.00,2673/2673,DNA
cgmlst-b0168	b0168,10,100.00,795/795,DNA
cgmlst-b0169	b0169,20,100.00,726/726,DNA
cgmlst-b0170	b0170,8,100.00,852/852,DNA
cgmlst-b0171	b0171,7,100.00,726/726,DNA
cgmlst-b0172	b0172,3,100.00,558/558,DNA
cgmlst-b0173	b0173,10,100.00,1197/1197,DNA
cgmlst-b0174	b0174,7,100.00,762/762,DNA
cgmlst-b0175	b0175,1,100.00,858/858,DNA
cgmlst-b0176	b0176,10,100.00,1353/1353,DNA
cgmlst-b0177	b0177,11,100.00,2433/2433,DNA
cgmlst-b0178	b0178,8,100.00,486/486,DNA
cgmlst-b0179	b0179,7,100.00,1026/1026,DNA
cgmlst-b0180	b0180,5,100.00,456/456,DNA
cgmlst-b0181	b0181,5,100.00,789/789,DNA
cgmlst-b0182	b0182,11,100.00,1149/1149,DNA
cgmlst-b0183	b0183,11,100.00,597/597,DNA
cgmlst-b0184	b0184,11,100.00,3483/3483,DNA
cgmlst-b0185	b0185,11,100.00,960/960,DNA
cgmlst-b0187	b0187,10,100.00,390/390,DNA
cgmlst-b0189	b0189,8,100.00,255/255,DNA
cgmlst-b0190	b0190,11,100.00,546/546,DNA
cgmlst-b0191	b0191,11,100.00,411/411,DNA
cgmlst-b0192	b0192,10,100.00,711/711,DNA
cgmlst-b0194	b0194,11,100.00,1719/1719,DNA
cgmlst-b0195	b0195,13,100.00,708/708,DNA
cgmlst-b0196	b0196,8,100.00,405/405,DNA
cgmlst-b0197	b0197,9,100.00,816/816,DNA
cgmlst-b0198	b0198,12,100.00,654/654,DNA
cgmlst-b0199	b0199,11,100.00,1032/1032,DNA
cgmlst-b0209	b0209,10,100.00,801/801,DNA
cgmlst-b0211	b0211,11,100.00,1359/1359,DNA
cgmlst-b0212	b0212,13,100.00,756/756,DNA
cgmlst-b0213	b0213,10,100.00,723/723,DNA
cgmlst-b0214	b0214,12,100.00,468/468,DNA
cgmlst-b0215	b0215,12,100.00,732/732,DNA
cgmlst-b0220	b0220,9,100.00,474/474,DNA
cgmlst-b0221	b0221,11,100.00,2445/2445,DNA
cgmlst-b0222	b0222,10,100.00,579/579,DNA
cgmlst-b0223	b0223,10,100.00,768/768,DNA
cgmlst-b0224	b0224,13,100.00,741/741,DNA
cgmlst-b0231	b0231,12,100.00,1056/1056,DNA
cgmlst-b0234	b0234,9,100.00,453/453,DNA
cgmlst-b0237	b0237,11,100.00,1458/1458,DNA
cgmlst-b0238	b0238,2,100.00,459/459,DNA
cgmlst-b0239	b0239,13,100.00,1245/1245,DNA
cgmlst-b0241	b0241,12,100.00,1056/1056,DNA
cgmlst-b0242	b0242,13,100.00,1104/1104,DNA
cgmlst-b0243	b0243,12,100.00,1254/1254,DNA
cgmlst-b0366	b0366,10,100.00,768/768,DNA
cgmlst-b0367	b0367,12,100.00,828/828,DNA
cgmlst-b0368	b0368,10,100.00,852/852,DNA
cgmlst-b0369	b0369,11,100.00,975/975,DNA
cgmlst-b0375	b0375,1,100.00,624/624,DNA
cgmlst-b0376	b0376,12,100.00,1158/1158,DNA
cgmlst-b0377	b0377,11,100.00,1221/1221,DNA
cgmlst-b0378	b0378,11,100.00,1095/1095,DNA
cgmlst-b0379	b0379,1,100.00,309/309,DNA
cgmlst-b0380	b0380,1,100.00,213/213,DNA
cgmlst-b0381	b0381,11,100.00,1095/1095,DNA
cgmlst-b0382	b0382,1,100.00,261/261,DNA
cgmlst-b0383	b0383,11,100.00,1416/1416,DNA
cgmlst-b0384	b0384,9,100.00,321/321,DNA
cgmlst-b0386	b0386,12,100.00,810/810,DNA
cgmlst-b0388	b0388,8,100.00,525/525,DNA
cgmlst-b0389	b0389,9,100.00,192/192,DNA
cgmlst-b0390	b0390,9,100.00,678/678,DNA
cgmlst-b0391	b0391,9,100.00,285/285,DNA
cgmlst-b0393	b0393,9,100.00,912/912,DNA
cgmlst-b0394	b0394,10,100.00,909/909,DNA
cgmlst-b0397	b0397,12,100.00,3144/3144,DNA
cgmlst-b0398	b0398,11,100.00,1203/1203,DNA
cgmlst-b0399	b0399,7,100.00,690/690,DNA
cgmlst-b0400	b0400,11,100.00,1296/1296,DNA
cgmlst-b0401	b0401,10,100.00,1320/1320,DNA
cgmlst-b0402	b0402,6,100.00,1374/1374,DNA
cgmlst-b0403	b0403,11,100.00,1815/1815,DNA
cgmlst-b0404	b0404,9,100.00,582/582,DNA
cgmlst-b0405	b0405,9,100.00,1071/1071,DNA
cgmlst-b0406	b0406,10,100.00,1128/1128,DNA
cgmlst-b0407	b0407,1,100.00,333/333,DNA
cgmlst-b0408	b0408,10,100.00,1848/1848,DNA
cgmlst-b0409	b0409,9,100.00,972/972,DNA
cgmlst-b0410	b0410,2,100.00,348/348,DNA
cgmlst-b0411	b0411,859,100.00,885/885,DNA
cgmlst-b0413	b0413,6,100.00,450/450,DNA
cgmlst-b0414	b0414,12,100.00,1104/1104,DNA
cgmlst-b0415	b0415,5,100.00,471/471,DNA
cgmlst-b0416	b0416,6,100.00,420/420,DNA
cgmlst-b0417	b0417,13,100.00,978/978,DNA
cgmlst-b0419	b0419,11,100.00,975/975,DNA
cgmlst-b0420	b0420,10,100.00,1863/1863,DNA
cgmlst-b0421	b0421,13,100.00,900/900,DNA
cgmlst-b0422	b0422,6,100.00,243/243,DNA
cgmlst-b0423	b0423,10,100.00,1449/1449,DNA
cgmlst-b0424	b0424,11,100.00,591/591,DNA
cgmlst-b0425	b0425,12,100.00,912/912,DNA
cgmlst-b0426	b0426,8,100.00,492/492,DNA
cgmlst-b0428	b0428,9,100.00,891/891,DNA
cgmlst-b0429	b0429,8,100.00,330/330,DNA
cgmlst-b0430	b0430,10,100.00,615/615,DNA
cgmlst-b0431	b0431,11,100.00,1992/1992,DNA
cgmlst-b0433	b0433,12,100.00,1476/1476,DNA
cgmlst-b0434	b0434,10,100.00,579/579,DNA
cgmlst-b0435	b0435,1,100.00,318/318,DNA
cgmlst-b0436	b0436,11,100.00,1299/1299,DNA
cgmlst-b0437	b0437,8,100.00,624/624,DNA
cgmlst-b0438	b0438,9,100.00,1275/1275,DNA
cgmlst-b0439	b0439,11,100.00,2355/2355,DNA
cgmlst-b0441	b0441,11,100.00,1872/1872,DNA
cgmlst-b0443	b0443,8,100.00,399/399,DNA
cgmlst-b0444	b0444,9,100.00,696/696,DNA
cgmlst-b0445	b0445,10,100.00,1701/1701,DNA
cgmlst-b0446	b0446,11,100.00,819/819,DNA
cgmlst-b0447	b0447,9,100.00,459/459,DNA
cgmlst-b0448	b0448,12,100.00,1773/1773,DNA
cgmlst-b0449	b0449,11,100.00,1782/1782,DNA
cgmlst-b0451	b0451,9,100.00,1287/1287,DNA
cgmlst-b0452	b0452,11,100.00,861/861,DNA
cgmlst-b0453	b0453,11,100.00,573/573,DNA
cgmlst-b0454	b0454,7,100.00,390/390,DNA
cgmlst-b0456	b0456,5,100.00,354/354,DNA
cgmlst-b0457	b0457,11,100.00,1551/1551,DNA
cgmlst-b0458	b0458,8,100.00,471/471,DNA
cgmlst-b0459	b0459,7,100.00,552/552,DNA
cgmlst-b0460	b0460,1,100.00,219/219,DNA
cgmlst-b0461	b0461,9,100.00,375/375,DNA
cgmlst-b0462	b0462,10,100.00,3150/3150,DNA
cgmlst-b0463	b0463,12,100.00,1194/1194,DNA
cgmlst-b0464	b0464,9,100.00,648/648,DNA
cgmlst-b0465	b0465,11,100.00,3363/3363,DNA
cgmlst-b0467	b0467,9,100.00,528/528,DNA
cgmlst-b0468	b0468,9,100.00,378/378,DNA
cgmlst-b0469	b0469,9,100.00,552/552,DNA
cgmlst-b0470	b0470,55,100.00,1932/1932,DNA
cgmlst-b0471	b0471,6,100.00,330/330,DNA
cgmlst-b0472	b0472,8,100.00,606/606,DNA
cgmlst-b0473	b0473,58,100.00,1875/1875,DNA
cgmlst-b0474	b0474,8,100.00,645/645,DNA
cgmlst-b0475	b0475,12,100.00,963/963,DNA
cgmlst-b0477	b0477,12,100.00,1305/1305,DNA
cgmlst-b0478	b0478,11,99.94,1677/1677,DNA
cgmlst-b0481	b0481,11,100.00,480/480,DNA
cgmlst-b0482	b0482,10,100.00,795/795,DNA
cgmlst-b0484	b0484,13,100.00,2505/2505,DNA
cgmlst-b0485	b0485,11,100.00,933/933,DNA
cgmlst-b0486	b0486,11,100.00,1293/1293,DNA
cgmlst-b0487	b0487,6,100.00,408/408,DNA
cgmlst-b0489	b0489,10,100.00,918/918,DNA
cgmlst-b0490	b0490,8,100.00,678/678,DNA
cgmlst-b0491	b0491,8,100.00,780/780,DNA
cgmlst-b0492	b0492,11,100.00,855/855,DNA
cgmlst-b0493	b0493,10,100.00,810/810,DNA
cgmlst-b0494	b0494,6,100.00,627/627,DNA
cgmlst-b0495	b0495,9,100.00,687/687,DNA
cgmlst-b0496	b0496,11,100.00,2415/2415,DNA
cgmlst-b0503	b0503,9,100.00,1095/1095,DNA
cgmlst-b0521	b0521,10,100.00,894/894,DNA
cgmlst-b0522	b0522,13,100.00,1068/1068,DNA
cgmlst-b0523	b0523,9,100.00,510/510,DNA
cgmlst-b0524	b0524,11,100.00,723/723,DNA
cgmlst-b0526	b0526,10,100.00,1386/1386,DNA
cgmlst-b0528	b0528,7,100.00,213/213,DNA
cgmlst-b0529	b0529,8,100.00,867/867,DNA
cgmlst-b0571	b0571,7,100.00,684/684,DNA
cgmlst-b0577	b0577,11,100.00,1248/1248,DNA
cgmlst-b0578	b0578,11,100.00,654/654,DNA
cgmlst-b0580	b0580,9,100.00,249/249,DNA
cgmlst-b0592	b0592,10,100.00,957/957,DNA
cgmlst-b0593	b0593,10,100.00,1176/1176,DNA
cgmlst-b0594	b0594,11,100.00,1611/1611,DNA
cgmlst-b0596	b0596,12,100.00,747/747,DNA
cgmlst-b0597	b0597,11,100.00,414/414,DNA
cgmlst-b0599	b0599,10,100.00,1089/1089,DNA
cgmlst-b0600	b0600,11,100.00,1161/1161,DNA
cgmlst-b0605	b0605,1,100.00,564/564,DNA
cgmlst-b0606	b0606,10,100.00,1566/1566,DNA
cgmlst-b0607	b0607,9,100.00,429/429,DNA
cgmlst-b0610	b0610,5,100.00,411/411,DNA
cgmlst-b0611	b0611,10,100.00,807/807,DNA
cgmlst-b0612	b0612,11,100.00,1464/1464,DNA
cgmlst-b0613	b0613,10,100.00,879/879,DNA
cgmlst-b0614	b0614,10,100.00,552/552,DNA
cgmlst-b0615	b0615,11,100.00,1533/1533,DNA
cgmlst-b0616	b0616,10,100.00,909/909,DNA
cgmlst-b0617	b0617,6,100.00,297/297,DNA
cgmlst-b0624	b0624,12,100.00,384/384,DNA
cgmlst-b0627	b0627,1,100.00,204/204,DNA
cgmlst-b0628	b0628,8,100.00,966/966,DNA
cgmlst-b0630	b0630,9,100.00,642/642,DNA
cgmlst-b0631	b0631,1,100.00,264/264,DNA
cgmlst-b0632	b0632,9,100.00,1212/1212,DNA
cgmlst-b0633	b0633,10,100.00,1089/1089,DNA
cgmlst-b0634	b0634,9,100.00,1113/1113,DNA
cgmlst-b0635	b0635,10,100.00,1902/1902,DNA
cgmlst-b0636	b0636,2,100.00,468/468,DNA
cgmlst-b0637	b0637,5,100.00,318/318,DNA
cgmlst-b0638	b0638,11,100.00,612/612,DNA
cgmlst-b0639	b0639,12,100.00,642/642,DNA
cgmlst-b0640	b0640,12,100.00,1032/1032,DNA
cgmlst-b0641	b0641,10,100.00,582/582,DNA
cgmlst-b0642	b0642,10,100.00,2583/2583,DNA
cgmlst-b0643	b0643,1,100.00,483/483,DNA
cgmlst-b0651	b0651,10,100.00,936/936,DNA
cgmlst-b0653	b0653,10,100.00,675/675,DNA
cgmlst-b0654	b0654,8,100.00,741/741,DNA
cgmlst-b0655	b0655,9,100.00,909/909,DNA
cgmlst-b0658	b0658,7,100.00,879/879,DNA
cgmlst-b0659	b0659,8,100.00,468/468,DNA
cgmlst-b0660	b0660,9,100.00,1041/1041,DNA
cgmlst-b0661	b0661,10,100.00,1425/1425,DNA
cgmlst-b0662	b0662,11,100.00,1176/1176,DNA
cgmlst-b0674	b0674,10,100.00,1665/1665,DNA
cgmlst-b0675	b0675,9,100.00,753/753,DNA
cgmlst-b0676	b0676,11,100.00,1221/1221,DNA
cgmlst-b0677	b0677,12,100.00,1149/1149,DNA
cgmlst-b0678	b0678,9,100.00,801/801,DNA
cgmlst-b0679	b0679,11,100.00,1947/1947,DNA
cgmlst-b0680	b0680,9,100.00,1665/1665,DNA
cgmlst-b0682	b0682,9,100.00,327/327,DNA
cgmlst-b0683	b0683,8,100.00,447/447,DNA
cgmlst-b0684	b0684,5,100.00,531/531,DNA
cgmlst-b0685	b0685,7,100.00,294/294,DNA
cgmlst-b0686	b0686,10,100.00,765/765,DNA
cgmlst-b0687	b0687,32,100.00,546/546,DNA
cgmlst-b0688	b0688,9,100.00,1641/1641,DNA
cgmlst-b0694	b0694,11,100.00,678/678,DNA
cgmlst-b0695	b0695,11,100.00,2685/2685,DNA
cgmlst-b0696	b0696,8,100.00,573/573,DNA
cgmlst-b0697	b0697,12,100.00,2049/2049,DNA
cgmlst-b0698	b0698,11,100.00,1674/1674,DNA
cgmlst-b0699	b0699,8,100.00,207/207,DNA
cgmlst-b0707	b0707,8,100.00,510/510,DNA
cgmlst-b0708	b0708,9,100.00,1419/1419,DNA
cgmlst-b0709	b0709,9,100.00,1482/1482,DNA
cgmlst-b0710	b0710,9,100.00,744/744,DNA
cgmlst-b0711	b0711,11,100.00,657/657,DNA
cgmlst-b0712	b0712,12,100.00,933/933,DNA
cgmlst-b0713	b0713,11,100.00,735/735,DNA
cgmlst-b0714	b0714,12,100.00,792/792,DNA
cgmlst-b0715	b0715,10,100.00,1047/1047,DNA
cgmlst-b0720	b0720,8,100.00,1284/1284,DNA
cgmlst-b0721	b0721,6,100.00,390/390,DNA
cgmlst-b0722	b0722,7,100.00,348/348,DNA
cgmlst-b0724	b0724,7,100.00,717/717,DNA
cgmlst-b0726	b0726,8,100.00,2802/2802,DNA
cgmlst-b0727	b0727,8,100.00,1218/1218,DNA
cgmlst-b0728	b0728,8,100.00,1167/1167,DNA
cgmlst-b0729	b0729,9,100.00,870/870,DNA
cgmlst-b0733	b0733,8,100.00,1569/1569,DNA
cgmlst-b0734	b0734,9,100.00,1140/1140,DNA
cgmlst-b0735	b0735,8,100.00,294/294,DNA
cgmlst-b0736	b0736,4,100.00,405/405,DNA
cgmlst-b0737	b0737,9,100.00,693/693,DNA
cgmlst-b0738	b0738,5,100.00,429/429,DNA
cgmlst-b0739	b0739,10,100.00,1185/1185,DNA
cgmlst-b0740	b0740,7,100.00,1293/1293,DNA
cgmlst-b0741	b0741,1,100.00,522/522,DNA
cgmlst-b0742	b0742,10,100.00,792/792,DNA
cgmlst-b0751	b0751,7,100.00,720/720,DNA
cgmlst-b0753	b0753,9,100.00,381/381,DNA
cgmlst-b0755	b0755,9,100.00,753/753,DNA
cgmlst-b0756	b0756,12,100.00,1041/1041,DNA
cgmlst-b0757	b0757,11,100.00,1149/1149,DNA
cgmlst-b0758	b0758,38,100.00,1047/1047,DNA
cgmlst-b0759	b0759,9,100.00,1017/1017,DNA
cgmlst-b0760	b0760,11,100.00,1473/1473,DNA
cgmlst-b0761	b0761,11,100.00,789/789,DNA
cgmlst-b0762	b0762,1,100.00,150/150,DNA
cgmlst-b0763	b0763,8,100.00,774/774,DNA
cgmlst-b0764	b0764,10,100.00,690/690,DNA
cgmlst-b0765	b0765,41,100.00,1059/1059,DNA
cgmlst-b0767	b0767,11,100.00,996/996,DNA
cgmlst-b0772	b0772,12,100.00,1284/1284,DNA
cgmlst-b0773	b0773,8,100.00,477/477,DNA
cgmlst-b0774	b0774,10,100.00,1290/1290,DNA
cgmlst-b0775	b0775,9,100.00,1041/1041,DNA
cgmlst-b0776	b0776,11,100.00,1155/1155,DNA
cgmlst-b0777	b0777,9,100.00,756/756,DNA
cgmlst-b0778	b0778,9,100.00,678/678,DNA
cgmlst-b0779	b0779,10,100.00,2022/2022,DNA
cgmlst-b0780	b0780,11,100.00,909/909,DNA
cgmlst-b0781	b0781,11,100.00,990/990,DNA
cgmlst-b0782	b0782,9,100.00,513/513,DNA
cgmlst-b0783	b0783,8,100.00,486/486,DNA
cgmlst-b0784	b0784,9,100.00,246/246,DNA
cgmlst-b0785	b0785,11,100.00,453/453,DNA
cgmlst-b0786	b0786,11,100.00,705/705,DNA
cgmlst-b0789	b0789,10,100.00,1242/1242,DNA
cgmlst-b0790	b0790,12,100.00,762/762,DNA
cgmlst-b0791	b0791,10,100.00,411/411,DNA
cgmlst-b0792	b0792,9,100.00,1107/1107,DNA
cgmlst-b0793	b0793,8,100.00,1134/1134,DNA
cgmlst-b0794	b0794,11,100.00,1737/1737,DNA
cgmlst-b0795	b0795,10,100.00,999/999,DNA
cgmlst-b0796	b0796,10,100.00,672/672,DNA
cgmlst-b0799	b0799,11,100.00,2151/2151,DNA
cgmlst-b0800	b0800,10,100.00,963/963,DNA
cgmlst-b0801	b0801,9,100.00,1086/1086,DNA
cgmlst-b0802	b0802,9,100.00,261/261,DNA
cgmlst-b0803	b0803,10,100.00,267/267,DNA
cgmlst-b0804	b0804,8,100.00,687/687,DNA
cgmlst-b0806	b0806,7,100.00,261/261,DNA
cgmlst-b0807	b0807,10,100.00,927/927,DNA
cgmlst-b0808	b0808,10,100.00,2226/2226,DNA
cgmlst-b0809	b0809,10,100.00,723/723,DNA
cgmlst-b0810	b0810,8,100.00,660/660,DNA
cgmlst-b0811	b0811,7,100.00,747/747,DNA
cgmlst-b0812	b0812,5,100.00,504/504,DNA
cgmlst-b0813	b0813,11,100.00,888/888,DNA
cgmlst-b0814	b0814,9,100.00,516/516,DNA
cgmlst-b0815	b0815,11,100.00,1584/1584,DNA
cgmlst-b0817	b0817,6,100.00,468/468,DNA
cgmlst-b0818	b0818,9,100.00,1119/1119,DNA
cgmlst-b0819	b0819,38,100.00,921/921,DNA
cgmlst-b0822	b0822,11,100.00,816/816,DNA
cgmlst-b0823	b0823,52,100.00,2432/2432,DNA
cgmlst-b0824	b0824,12,100.00,900/900,DNA
cgmlst-b0826	b0826,14,100.00,750/750,DNA
cgmlst-b0827	b0827,11,100.00,1236/1236,DNA
cgmlst-b0828	b0828,10,100.00,966/966,DNA
cgmlst-b0829	b0829,56,100.00,1872/1872,DNA
cgmlst-b0830	b0830,11,100.00,1539/1539,DNA
cgmlst-b0831	b0831,12,100.00,921/921,DNA
cgmlst-b0832	b0832,12,100.00,912/912,DNA
cgmlst-b0835	b0835,10,100.00,1326/1326,DNA
cgmlst-b0836	b0836,1,100.00,384/384,DNA
cgmlst-b0840	b0840,12,100.00,759/759,DNA
cgmlst-b0841	b0841,9,100.00,597/597,DNA
cgmlst-b0842	b0842,8,100.00,1233/1233,DNA
cgmlst-b0843	b0843,5,100.00,285/285,DNA
cgmlst-b0844	b0844,10,100.00,816/816,DNA
cgmlst-b0845	b0845,9,100.00,1209/1209,DNA
cgmlst-b0846	b0846,7,100.00,537/537,DNA
cgmlst-b0847	b0847,9,100.00,1686/1686,DNA
cgmlst-b0848	b0848,8,100.00,378/378,DNA
cgmlst-b0849	b0849,3,100.00,258/258,DNA
cgmlst-b0850	b0850,8,100.00,288/288,DNA
cgmlst-b0852	b0852,7,100.00,903/903,DNA
cgmlst-b0853	b0853,7,100.00,477/477,DNA
cgmlst-b0854	b0854,11,100.00,1113/1113,DNA
cgmlst-b0855	b0855,11,100.00,1134/1134,DNA
cgmlst-b0856	b0856,10,100.00,954/954,DNA
cgmlst-b0857	b0857,10,100.00,846/846,DNA
cgmlst-b0858	b0858,7,100.00,489/489,DNA
cgmlst-b0859	b0859,11,100.00,1128/1128,DNA
cgmlst-b0861	b0861,8,100.00,669/669,DNA
cgmlst-b0862	b0862,7,100.00,717/717,DNA
cgmlst-b0863	b0863,8,100.00,732/732,DNA
cgmlst-b0864	b0864,6,100.00,729/729,DNA
cgmlst-b0865	b0865,10,100.00,516/516,DNA
cgmlst-b0866	b0866,9,100.00,324/324,DNA
cgmlst-b0867	b0867,10,100.00,831/831,DNA
cgmlst-b0868	b0868,11,100.00,1014/1014,DNA
cgmlst-b0869	b0869,8,100.00,1431/1431,DNA
cgmlst-b0870	b0870,12,100.00,1002/1002,DNA
cgmlst-b0871	b0871,13,100.00,1719/1719,DNA
cgmlst-b0872	b0872,9,100.00,969/969,DNA
cgmlst-b0873	b0873,10,100.00,1653/1653,DNA
cgmlst-b0874	b0874,9,100.00,900/900,DNA
cgmlst-b0876	b0876,12,100.00,1659/1659,DNA
cgmlst-b0877	b0877,9,100.00,993/993,DNA
cgmlst-b0878	b0878,11,100.00,1116/1116,DNA
cgmlst-b0879	b0879,13,100.00,1947/1947,DNA
cgmlst-b0880	b0880,1,100.00,225/225,DNA
cgmlst-b0881	b0881,1,100.00,321/321,DNA
cgmlst-b0884	b0884,1,100.00,219/219,DNA
cgmlst-b0885	b0885,11,100.00,705/705,DNA
cgmlst-b0886	b0886,12,100.00,1722/1722,DNA
cgmlst-b0887	b0887,11,100.00,1767/1767,DNA
cgmlst-b0888	b0888,9,100.00,966/966,DNA
cgmlst-b0889	b0889,7,100.00,495/495,DNA
cgmlst-b0890	b0890,13,100.00,4029/4029,DNA
cgmlst-b0891	b0891,1,100.00,612/612,DNA
cgmlst-b0892	b0892,9,100.00,1344/1344,DNA
cgmlst-b0893	b0893,10,100.00,1293/1293,DNA
cgmlst-b0894	b0894,10,100.00,2445/2445,DNA
cgmlst-b0896	b0896,9,100.00,864/864,DNA
cgmlst-b0898	b0898,42,100.00,1149/1149,DNA
cgmlst-b0902	b0902,9,100.00,741/741,DNA
cgmlst-b0903	b0903,1621,100.00,2286/2286,DNA
cgmlst-b0904	b0904,9,100.00,858/858,DNA
cgmlst-b0905	b0905,11,100.00,1761/1761,DNA
cgmlst-b0906	b0906,12,100.00,693/693,DNA
cgmlst-b0907	b0907,11,100.00,1089/1089,DNA
cgmlst-b0908	b0908,11,100.00,1284/1284,DNA
cgmlst-b0909	b0909,9,100.00,765/765,DNA
cgmlst-b0910	b0910,9,100.00,684/684,DNA
cgmlst-b0911	b0911,10,100.00,1674/1674,DNA
cgmlst-b0912	b0912,1,100.00,285/285,DNA
cgmlst-b0914	b0914,9,100.00,1749/1749,DNA
cgmlst-b0915	b0915,10,100.00,987/987,DNA
cgmlst-b0916	b0916,10,100.00,1233/1233,DNA
cgmlst-b0917	b0917,5,100.00,183/183,DNA
cgmlst-b0918	b0918,10,100.00,747/747,DNA
cgmlst-b0919	b0919,10,100.00,894/894,DNA
cgmlst-b0920	b0920,11,100.00,780/780,DNA
cgmlst-b0921	b0921,10,100.00,786/786,DNA
cgmlst-b0922	b0922,7,100.00,1323/1323,DNA
cgmlst-b0923	b0923,9,100.00,705/705,DNA
cgmlst-b0924	b0924,11,100.00,4461/4461,DNA
cgmlst-b0925	b0925,12,100.00,1848/1848,DNA
cgmlst-b0926	b0926,8,100.00,549/549,DNA
cgmlst-b0927	b0927,11,100.00,648/648,DNA
cgmlst-b0928	b0928,9,100.00,1191/1191,DNA
cgmlst-b0929	b0929,8,100.00,1089/1089,DNA
cgmlst-b0930	b0930,8,100.00,1401/1401,DNA
cgmlst-b0931	b0931,10,100.00,1203/1203,DNA
cgmlst-b0932	b0932,11,100.00,2613/2613,DNA
cgmlst-b0935	b0935,9,100.00,1146/1146,DNA
cgmlst-b0936	b0936,10,100.00,960/960,DNA
cgmlst-b0945	b0945,7,100.00,1011/1011,DNA
cgmlst-b0946	b0946,10,100.00,543/543,DNA
cgmlst-b0947	b0947,11,100.00,1110/1110,DNA
cgmlst-b0948	b0948,11,100.00,2109/2109,DNA
cgmlst-b0949	b0949,11,100.00,1908/1908,DNA
cgmlst-b0950	b0950,12,100.00,1254/1254,DNA
cgmlst-b0951	b0951,10,100.00,1641/1641,DNA
cgmlst-b0952	b0952,8,100.00,564/564,DNA
cgmlst-b0953	b0953,1,100.00,168/168,DNA
cgmlst-b0954	b0954,1,100.00,519/519,DNA
cgmlst-b0955	b0955,13,100.00,1761/1761,DNA
cgmlst-b0956	b0956,9,100.00,453/453,DNA
cgmlst-b0957	b0957,2,100.00,1041/1041,DNA
cgmlst-b0958	b0958,1,100.00,510/510,DNA
cgmlst-b0961	b0961,9,100.00,447/447,DNA
cgmlst-b0962	b0962,13,100.00,2055/2055,DNA
cgmlst-b0963	b0963,8,100.00,459/459,DNA
cgmlst-b0964	b0964,8,100.00,663/663,DNA
cgmlst-b0965	b0965,11,100.00,414/414,DNA
cgmlst-b0966	b0966,5,100.00,318/318,DNA
cgmlst-b0967	b0967,10,100.00,1191/1191,DNA
cgmlst-b0968	b0968,8,100.00,279/279,DNA
cgmlst-b0969	b0969,8,100.00,330/330,DNA
cgmlst-b0970	b0970,8,100.00,660/660,DNA
cgmlst-b0972	b0972,9,100.00,1119/1119,DNA
cgmlst-b0973	b0973,9,100.00,1794/1794,DNA
cgmlst-b0974	b0974,8,100.00,708/708,DNA
cgmlst-b0975	b0975,9,100.00,588/588,DNA
cgmlst-b0976	b0976,8,100.00,399/399,DNA
cgmlst-b0977	b0977,8,100.00,858/858,DNA
cgmlst-b0995	b0995,7,100.00,693/693,DNA
cgmlst-b0996	b0996,9,100.00,1173/1173,DNA
cgmlst-b0999	b0999,7,100.00,306/306,DNA
cgmlst-b1000	b1000,9,100.00,921/921,DNA
cgmlst-b1002	b1002,9,100.00,1242/1242,DNA
cgmlst-b1003	b1003,6,100.00,228/228,DNA
cgmlst-b1013	b1013,11,100.00,639/639,DNA
cgmlst-b1033	b1033,11,100.00,939/939,DNA
cgmlst-b1034	b1034,11,100.00,738/738,DNA
cgmlst-b1035	b1035,11,100.00,555/555,DNA
cgmlst-b1036	b1036,8,100.00,492/492,DNA
cgmlst-b1037	b1037,9,100.00,834/834,DNA
cgmlst-b1045	b1045,10,100.00,534/534,DNA
cgmlst-b1046	b1046,11,100.00,1422/1422,DNA
cgmlst-b1047	b1047,11,100.00,1158/1158,DNA
cgmlst-b1048	b1048,9,100.00,1536/1536,DNA
cgmlst-b1049	b1049,9,100.00,2544/2544,DNA
cgmlst-b1054	b1054,11,100.00,921/921,DNA
cgmlst-b1055	b1055,9,100.00,1053/1053,DNA
cgmlst-b1056	b1056,10,100.00,576/576,DNA
cgmlst-b1057	b1057,8,100.00,567/567,DNA
cgmlst-b1059	b1059,12,100.00,1119/1119,DNA
cgmlst-b1060	b1060,4,100.00,255/255,DNA
cgmlst-b1061	b1061,8,100.00,246/246,DNA
cgmlst-b1062	b1062,13,100.00,1047/1047,DNA
cgmlst-b1063	b1063,10,100.00,561/561,DNA
cgmlst-b1065	b1065,12,100.00,1209/1209,DNA
cgmlst-b1066	b1066,8,100.00,585/585,DNA
cgmlst-b1067	b1067,12,100.00,648/648,DNA
cgmlst-b1069	b1069,11,100.00,1536/1536,DNA
cgmlst-b1070	b1070,12,100.00,417/417,DNA
cgmlst-b1071	b1071,9,100.00,294/294,DNA
cgmlst-b1072	b1072,9,100.00,660/660,DNA
cgmlst-b1073	b1073,10,100.00,417/417,DNA
cgmlst-b1074	b1074,9,100.00,405/405,DNA
cgmlst-b1075	b1075,8,100.00,696/696,DNA
cgmlst-b1076	b1076,11,100.00,1206/1206,DNA
cgmlst-b1077	b1077,11,100.00,756/756,DNA
cgmlst-b1078	b1078,7,100.00,783/783,DNA
cgmlst-b1079	b1079,7,100.00,699/699,DNA
cgmlst-b1080	b1080,11,100.00,1098/1098,DNA
cgmlst-b1081	b1081,13,100.00,942/942,DNA
cgmlst-b1082	b1082,13,100.00,1644/1644,DNA
cgmlst-b1083	b1083,54,100.00,954/954,DNA
cgmlst-b1084	b1084,14,100.00,3186/3186,DNA
cgmlst-b1085	b1085,1,100.00,321/321,DNA
cgmlst-b1086	b1086,9,100.00,960/960,DNA
cgmlst-b1087	b1087,9,100.00,585/585,DNA
cgmlst-b1088	b1088,2,100.00,522/522,DNA
cgmlst-b1089	b1089,1,100.00,174/174,DNA
cgmlst-b1090	b1090,13,100.00,1071/1071,DNA
cgmlst-b1091	b1091,12,100.00,954/954,DNA
cgmlst-b1092	b1092,10,100.00,930/930,DNA
cgmlst-b1093	b1093,7,100.00,735/735,DNA
cgmlst-b1094	b1094,2,100.00,237/237,DNA
cgmlst-b1095	b1095,9,100.00,1242/1242,DNA
cgmlst-b1096	b1096,8,100.00,810/810,DNA
cgmlst-b1097	b1097,11,100.00,1023/1023,DNA
cgmlst-b1098	b1098,10,100.00,642/642,DNA
cgmlst-b1099	b1099,12,100.00,1005/1005,DNA
cgmlst-b1100	b1100,8,100.00,798/798,DNA
cgmlst-b1103	b1103,7,100.00,360/360,DNA
cgmlst-b1104	b1104,27,100.00,378/378,DNA
cgmlst-b1105	b1105,11,100.00,642/642,DNA
cgmlst-b1106	b1106,10,100.00,825/825,DNA
cgmlst-b1107	b1107,12,100.00,1026/1026,DNA
cgmlst-b1108	b1108,10,100.00,543/543,DNA
cgmlst-b1109	b1109,10,100.00,1305/1305,DNA
cgmlst-b1110	b1110,10,100.00,540/540,DNA
cgmlst-b1111	b1111,9,100.00,633/633,DNA
cgmlst-b1112	b1112,1,100.00,258/258,DNA
cgmlst-b1113	b1113,8,100.00,963/963,DNA
cgmlst-b1114	b1114,11,100.00,3447/3447,DNA
cgmlst-b1115	b1115,10,100.00,1074/1074,DNA
cgmlst-b1116	b1116,11,100.00,1200/1200,DNA
cgmlst-b1117	b1117,9,100.00,702/702,DNA
cgmlst-b1118	b1118,13,100.00,1245/1245,DNA
cgmlst-b1119	b1119,10,100.00,912/912,DNA
cgmlst-b1123	b1123,26,100.00,1047/1047,DNA
cgmlst-b1124	b1124,10,100.00,795/795,DNA
cgmlst-b1126	b1126,10,100.00,1137/1137,DNA
cgmlst-b1128	b1128,12,100.00,1122/1122,DNA
cgmlst-b1129	b1129,11,100.00,1461/1461,DNA
cgmlst-b1130	b1130,10,100.00,672/672,DNA
cgmlst-b1131	b1131,8,100.00,1371/1371,DNA
cgmlst-b1132	b1132,8,100.00,642/642,DNA
cgmlst-b1133	b1133,8,100.00,1107/1107,DNA
cgmlst-b1134	b1134,8,100.00,462/462,DNA
cgmlst-b1135	b1135,9,100.00,654/654,DNA
cgmlst-b1136	b1136,11,100.00,1251/1251,DNA
cgmlst-b1174	b1174,7,100.00,267/267,DNA
cgmlst-b1175	b1175,8,100.00,813/813,DNA
cgmlst-b1176	b1176,10,100.00,696/696,DNA
cgmlst-b1179	b1179,1,100.00,294/294,DNA
cgmlst-b1180	b1180,12,100.00,660/660,DNA
cgmlst-b1181	b1181,8,100.00,462/462,DNA
cgmlst-b1185	b1185,7,100.00,531/531,DNA
cgmlst-b1186	b1186,8,100.00,1542/1542,DNA
cgmlst-b1187	b1187,10,100.00,720/720,DNA
cgmlst-b1188	b1188,9,100.00,1533/1533,DNA
cgmlst-b1189	b1189,9,100.00,1299/1299,DNA
cgmlst-b1190	b1190,13,100.00,1071/1071,DNA
cgmlst-b1191	b1191,10,100.00,1737/1737,DNA
cgmlst-b1192	b1192,13,100.00,915/915,DNA
cgmlst-b1193	b1193,12,100.00,612/612,DNA
cgmlst-b1195	b1195,10,100.00,255/255,DNA
cgmlst-b1203	b1203,9,100.00,1092/1092,DNA
cgmlst-b1204	b1204,9,100.00,585/585,DNA
cgmlst-b1205	b1205,1,100.00,279/279,DNA
cgmlst-b1206	b1206,11,100.00,1680/1680,DNA
cgmlst-b1207	b1207,2,100.00,948/948,DNA
cgmlst-b1208	b1208,10,100.00,852/852,DNA
cgmlst-b1209	b1209,9,100.00,624/624,DNA
cgmlst-b1210	b1210,9,100.00,1257/1257,DNA
cgmlst-b1211	b1211,9,100.00,1083/1083,DNA
cgmlst-b1212	b1212,9,100.00,834/834,DNA
cgmlst-b1213	b1213,9,100.00,393/393,DNA
cgmlst-b1214	b1214,10,100.00,810/810,DNA
cgmlst-b1215	b1215,10,100.00,855/855,DNA
cgmlst-b1216	b1216,11,100.00,1101/1101,DNA
cgmlst-b1217	b1217,6,100.00,231/231,DNA
cgmlst-b1218	b1218,11,100.00,696/696,DNA
cgmlst-b1219	b1219,10,100.00,354/354,DNA
cgmlst-b1220	b1220,10,100.00,1395/1395,DNA
cgmlst-b1221	b1221,8,100.00,651/651,DNA
cgmlst-b1222	b1222,9,100.00,1797/1797,DNA
cgmlst-b1223	b1223,9,100.00,1392/1392,DNA
cgmlst-b1225	b1225,10,100.00,1539/1539,DNA
cgmlst-b1226	b1226,10,100.00,711/711,DNA
cgmlst-b1232	b1232,8,100.00,843/843,DNA
cgmlst-b1233	b1233,7,100.00,459/459,DNA
cgmlst-b1234	b1234,9,100.00,906/906,DNA
cgmlst-b1235	b1235,12,100.00,1014/1014,DNA
cgmlst-b1236	b1236,9,100.00,909/909,DNA
cgmlst-b1237	b1237,5,100.00,414/414,DNA
cgmlst-b1238	b1238,9,100.00,618/618,DNA
cgmlst-b1241	b1241,11,100.00,2676/2676,DNA
cgmlst-b1242	b1242,10,100.00,648/648,DNA
cgmlst-b1243	b1243,14,100.00,1632/1632,DNA
cgmlst-b1244	b1244,11,100.00,921/921,DNA
cgmlst-b1245	b1245,10,100.00,909/909,DNA
cgmlst-b1246	b1246,11,100.00,1014/1014,DNA
cgmlst-b1247	b1247,11,100.00,1005/1005,DNA
cgmlst-b1248	b1248,8,100.00,330/330,DNA
cgmlst-b1249	b1249,12,100.00,1461/1461,DNA
cgmlst-b1250	b1250,9,100.00,1254/1254,DNA
cgmlst-b1251	b1251,1,100.00,297/297,DNA
cgmlst-b1252	b1252,9,100.00,720/720,DNA
cgmlst-b1253	b1253,8,100.00,399/399,DNA
cgmlst-b1254	b1254,10,100.00,540/540,DNA
cgmlst-b1255	b1255,11,100.00,744/744,DNA
cgmlst-b1256	b1256,11,100.00,639/639,DNA
cgmlst-b1260	b1260,8,100.00,807/807,DNA
cgmlst-b1261	b1261,7,100.00,1194/1194,DNA
cgmlst-b1262	b1262,11,100.00,1362/1362,DNA
cgmlst-b1263	b1263,11,100.00,1596/1596,DNA
cgmlst-b1264	b1264,13,100.00,1563/1563,DNA
cgmlst-b1265	b1265,1,100.00,45/45,DNA
cgmlst-b1266	b1266,10,100.00,882/882,DNA
cgmlst-b1267	b1267,10,100.00,621/621,DNA
cgmlst-b1269	b1269,1230,100.00,876/876,DNA
cgmlst-b1270	b1270,11,100.00,591/591,DNA
cgmlst-b1271	b1271,12,100.00,759/759,DNA
cgmlst-b1272	b1272,11,100.00,1050/1050,DNA
cgmlst-b1273	b1273,11,100.00,252/252,DNA
cgmlst-b1274	b1274,10,100.00,2598/2598,DNA
cgmlst-b1275	b1275,8,100.00,975/975,DNA
cgmlst-b1276	b1276,9,100.00,2676/2676,DNA
cgmlst-b1277	b1277,7,100.00,591/591,DNA
cgmlst-b1278	b1278,8,100.00,765/765,DNA
cgmlst-b1279	b1279,7,100.00,309/309,DNA
cgmlst-b1280	b1280,12,100.00,1170/1170,DNA
cgmlst-b1281	b1281,11,100.00,738/738,DNA
cgmlst-b1282	b1282,10,100.00,327/327,DNA
cgmlst-b1283	b1283,8,100.00,219/219,DNA
cgmlst-b1284	b1284,9,100.00,750/750,DNA
cgmlst-b1286	b1286,56,100.00,1935/1935,DNA
cgmlst-b1287	b1287,12,100.00,1128/1128,DNA
cgmlst-b1288	b1288,8,100.00,789/789,DNA
cgmlst-b1290	b1290,10,100.00,807/807,DNA
cgmlst-b1291	b1291,9,100.00,993/993,DNA
cgmlst-b1292	b1292,10,100.00,891/891,DNA
cgmlst-b1293	b1293,9,100.00,966/966,DNA
cgmlst-b1294	b1294,56,100.00,1644/1644,DNA
cgmlst-b1295	b1295,9,100.00,246/246,DNA
cgmlst-b1304	b1304,9,100.00,669/669,DNA
cgmlst-b1305	b1305,6,100.00,225/225,DNA
cgmlst-b1306	b1306,8,100.00,360/360,DNA
cgmlst-b1307	b1307,9,100.00,222/222,DNA
cgmlst-b1308	b1308,6,100.00,315/315,DNA
cgmlst-b1321	b1321,12,100.00,1398/1398,DNA
cgmlst-b1322	b1322,10,100.00,1062/1062,DNA
cgmlst-b1323	b1323,11,100.00,1542/1542,DNA
cgmlst-b1324	b1324,12,100.00,507/507,DNA
cgmlst-b1325	b1325,13,100.00,966/966,DNA
cgmlst-b1326	b1326,11,100.00,729/729,DNA
cgmlst-b1329	b1329,12,100.00,1614/1614,DNA
cgmlst-b1332	b1332,6,100.00,258/258,DNA
cgmlst-b1333	b1333,11,100.00,951/951,DNA
cgmlst-b1334	b1334,10,100.00,753/753,DNA
cgmlst-b1335	b1335,11,100.00,516/516,DNA
cgmlst-b1340	b1340,12,100.00,564/564,DNA
cgmlst-b1342	b1342,10,100.00,984/984,DNA
cgmlst-b1343	b1343,12,100.00,1374/1374,DNA
cgmlst-b1344	b1344,11,100.00,936/936,DNA
cgmlst-b1376	b1376,6,100.00,435/435,DNA
cgmlst-b1378	b1378,10,100.00,3525/3525,DNA
cgmlst-b1380	b1380,10,100.00,990/990,DNA
cgmlst-b1381	b1381,11,100.00,2640/2640,DNA
cgmlst-b1382	b1382,7,100.00,186/186,DNA
cgmlst-b1412	b1412,10,100.00,606/606,DNA
cgmlst-b1413	b1413,11,100.00,3903/3903,DNA
cgmlst-b1418	b1418,11,100.00,531/531,DNA
cgmlst-b1422	b1422,11,100.00,924/924,DNA
cgmlst-b1423	b1423,12,100.00,1344/1344,DNA
cgmlst-b1424	b1424,12,100.00,1656/1656,DNA
cgmlst-b1426	b1426,7,100.00,225/225,DNA
cgmlst-b1428	b1428,10,100.00,981/981,DNA
cgmlst-b1429	b1429,9,100.00,993/993,DNA
cgmlst-b1430	b1430,11,100.00,594/594,DNA
cgmlst-b1445	b1445,?,-,-,DNA
cgmlst-b1446	b1446,8,100.00,234/234,DNA
cgmlst-b1448	b1448,11,100.00,519/519,DNA
cgmlst-b1473	b1473,12,100.00,882/882,DNA
cgmlst-b1476	b1476,8,100.00,654/654,DNA
cgmlst-b1477	b1477,9,100.00,285/285,DNA
cgmlst-b1479	b1479,48,100.00,1698/1698,DNA
cgmlst-b1482	b1482,10,100.00,432/432,DNA
cgmlst-b1491	b1491,12,100.00,1320/1320,DNA
cgmlst-b1492	b1492,11,100.00,1536/1536,DNA
cgmlst-b1521	b1521,12,100.00,1452/1452,DNA
cgmlst-b1524	b1524,13,100.00,927/927,DNA
cgmlst-b1528	b1528,10,100.00,1191/1191,DNA
cgmlst-b1529	b1529,9,100.00,666/666,DNA
cgmlst-b1530	b1530,10,100.00,435/435,DNA
cgmlst-b1531	b1531,7,100.00,384/384,DNA
cgmlst-b1532	b1532,7,100.00,219/219,DNA
cgmlst-b1538	b1538,12,100.00,2046/2046,DNA
cgmlst-b1539	b1539,13,100.00,747/747,DNA
cgmlst-b1540	b1540,12,100.00,687/687,DNA
cgmlst-b1541	b1541,1,100.00,204/204,DNA
cgmlst-b1591	b1591,9,100.00,615/615,DNA
cgmlst-b1592	b1592,12,100.00,1257/1257,DNA
cgmlst-b1593	b1593,9,100.00,696/696,DNA
cgmlst-b1594	b1594,13,100.00,1221/1221,DNA
cgmlst-b1595	b1595,9,100.00,894/894,DNA
cgmlst-b1596	b1596,12,100.00,1254/1254,DNA
cgmlst-b1597	b1597,11,100.00,309/309,DNA
cgmlst-b1598	b1598,10,100.00,822/822,DNA
cgmlst-b1599	b1599,6,100.00,330/330,DNA
cgmlst-b1600	b1600,10,100.00,366/366,DNA
cgmlst-b1602	b1602,10,100.00,1389/1389,DNA
cgmlst-b1603	b1603,11,100.00,1533/1533,DNA
cgmlst-b1604	b1604,11,100.00,945/945,DNA
cgmlst-b1605	b1605,10,100.00,1383/1383,DNA
cgmlst-b1606	b1606,12,100.00,723/723,DNA
cgmlst-b1607	b1607,1,100.00,336/336,DNA
cgmlst-b1608	b1608,10,100.00,720/720,DNA
cgmlst-b1609	b1609,10,100.00,1302/1302,DNA
cgmlst-b1610	b1610,12,100.00,930/930,DNA
cgmlst-b1611	b1611,11,100.00,1404/1404,DNA
cgmlst-b1613	b1613,10,100.00,1176/1176,DNA
cgmlst-b1614	b1614,9,100.00,1509/1509,DNA
cgmlst-b1620	b1620,9,100.00,1029/1029,DNA
cgmlst-b1621	b1621,12,100.00,1593/1593,DNA
cgmlst-b1622	b1622,11,100.00,1173/1173,DNA
cgmlst-b1623	b1623,8,100.00,1002/1002,DNA
cgmlst-b1624	b1624,11,100.00,1041/1041,DNA
cgmlst-b1625	b1625,7,100.00,216/216,DNA
cgmlst-b1626	b1626,7,100.00,441/441,DNA
cgmlst-b1627	b1627,6,100.00,582/582,DNA
cgmlst-b1628	b1628,9,100.00,579/579,DNA
cgmlst-b1630	b1630,9,100.00,1059/1059,DNA
cgmlst-b1631	b1631,11,100.00,621/621,DNA
cgmlst-b1632	b1632,9,100.00,696/696,DNA
cgmlst-b1633	b1633,12,100.00,636/636,DNA
cgmlst-b1634	b1634,8,100.00,1503/1503,DNA
cgmlst-b1636	b1636,8,100.00,864/864,DNA
cgmlst-b1637	b1637,9,100.00,1275/1275,DNA
cgmlst-b1638	b1638,10,100.00,657/657,DNA
cgmlst-b1640	b1640,8,100.00,1110/1110,DNA
cgmlst-b1641	b1641,8,100.00,468/468,DNA
cgmlst-b1642	b1642,11,100.00,435/435,DNA
cgmlst-b1643	b1643,8,100.00,237/237,DNA
cgmlst-b1644	b1644,12,100.00,858/858,DNA
cgmlst-b1646	b1646,7,100.00,522/522,DNA
cgmlst-b1647	b1647,11,100.00,897/897,DNA
cgmlst-b1648	b1648,10,100.00,240/240,DNA
cgmlst-b1649	b1649,9,100.00,600/600,DNA
cgmlst-b1650	b1650,11,100.00,1098/1098,DNA
cgmlst-b1651	b1651,6,100.00,408/408,DNA
cgmlst-b1652	b1652,9,100.00,648/648,DNA
cgmlst-b1654	b1654,7,100.00,348/348,DNA
cgmlst-b1655	b1655,8,100.00,816/816,DNA
cgmlst-b1656	b1656,8,100.00,582/582,DNA
cgmlst-b1657	b1657,10,100.00,1170/1170,DNA
cgmlst-b1658	b1658,9,100.00,1026/1026,DNA
cgmlst-b1659	b1659,9,100.00,933/933,DNA
cgmlst-b1660	b1660,12,100.00,1212/1212,DNA
cgmlst-b1661	b1661,10,100.00,1149/1149,DNA
cgmlst-b1662	b1662,9,100.00,642/642,DNA
cgmlst-b1663	b1663,55,100.00,1374/1374,DNA
cgmlst-b1664	b1664,11,100.00,1257/1257,DNA
cgmlst-b1667	b1667,9,100.00,306/306,DNA
cgmlst-b1669	b1669,10,100.00,813/813,DNA
cgmlst-b1675	b1675,1,100.00,210/210,DNA
cgmlst-b1676	b1676,10,100.00,1413/1413,DNA
cgmlst-b1677	b1677,1,100.00,237/237,DNA
cgmlst-b1678	b1678,9,100.00,1005/1005,DNA
cgmlst-b1679	b1679,11,100.00,417/417,DNA
cgmlst-b1680	b1680,12,100.00,1221/1221,DNA
cgmlst-b1681	b1681,10,100.00,1272/1272,DNA
cgmlst-b1682	b1682,9,100.00,747/747,DNA
cgmlst-b1683	b1683,9,100.00,1488/1488,DNA
cgmlst-b1684	b1684,7,100.00,369/369,DNA
cgmlst-b1685	b1685,3,100.00,189/189,DNA
cgmlst-b1686	b1686,11,100.00,411/411,DNA
cgmlst-b1687	b1687,62,100.00,3057/3057,DNA
cgmlst-b1688	b1688,8,100.00,1113/1113,DNA
cgmlst-b1692	b1692,9,100.00,867/867,DNA
cgmlst-b1693	b1693,10,100.00,759/759,DNA
cgmlst-b1702	b1702,11,100.00,2379/2379,DNA
cgmlst-b1703	b1703,11,100.00,834/834,DNA
cgmlst-b1704	b1704,13,100.00,1047/1047,DNA
cgmlst-b1705	b1705,1,100.00,192/192,DNA
cgmlst-b1706	b1706,12,100.00,1437/1437,DNA
cgmlst-b1707	b1707,12,100.00,714/714,DNA
cgmlst-b1708	b1708,10,100.00,465/465,DNA
cgmlst-b1709	b1709,10,100.00,750/750,DNA
cgmlst-b1710	b1710,9,100.00,552/552,DNA
cgmlst-b1711	b1711,11,100.00,981/981,DNA
cgmlst-b1712	b1712,1,100.00,300/300,DNA
cgmlst-b1713	b1713,11,100.00,2388/2388,DNA
cgmlst-b1714	b1714,10,100.00,984/984,DNA
cgmlst-b1715	b1715,1,100.00,45/45,DNA
cgmlst-b1716	b1716,2,100.00,357/357,DNA
cgmlst-b1717	b1717,1,100.00,198/198,DNA
cgmlst-b1718	b1718,1,100.00,543/543,DNA
cgmlst-b1719	b1719,10,100.00,1929/1929,DNA
cgmlst-b1722	b1722,9,100.00,759/759,DNA
cgmlst-b1723	b1723,10,100.00,930/930,DNA
cgmlst-b1724	b1724,2,100.00,291/291,DNA
cgmlst-b1725	b1725,10,100.00,861/861,DNA
cgmlst-b1726	b1726,12,100.00,537/537,DNA
cgmlst-b1727	b1727,13,100.00,669/669,DNA
cgmlst-b1728	b1728,8,100.00,591/591,DNA
cgmlst-b1729	b1729,9,100.00,1392/1392,DNA
cgmlst-b1731	b1731,8,100.00,243/243,DNA
cgmlst-b1733	b1733,10,100.00,759/759,DNA
cgmlst-b1736	b1736,9,100.00,351/351,DNA
cgmlst-b1738	b1738,1,100.00,321/321,DNA
cgmlst-b1739	b1739,3,100.00,339/339,DNA
cgmlst-b1740	b1740,11,100.00,828/828,DNA
cgmlst-b1742	b1742,10,100.00,576/576,DNA
cgmlst-b1744	b1744,9,100.00,969/969,DNA
cgmlst-b1745	b1745,10,100.00,1344/1344,DNA
cgmlst-b1746	b1746,13,100.00,1479/1479,DNA
cgmlst-b1747	b1747,13,100.00,1035/1035,DNA
cgmlst-b1748	b1748,11,100.00,1221/1221,DNA
cgmlst-b1749	b1749,9,100.00,807/807,DNA
cgmlst-b1751	b1751,9,100.00,678/678,DNA
cgmlst-b1752	b1752,10,100.00,708/708,DNA
cgmlst-b1753	b1753,9,100.00,549/549,DNA
cgmlst-b1756	b1756,9,100.00,654/654,DNA
cgmlst-b1757	b1757,10,100.00,1308/1308,DNA
cgmlst-b1759	b1759,8,100.00,408/408,DNA
cgmlst-b1760	b1760,9,100.00,273/273,DNA
cgmlst-b1761	b1761,11,100.00,1344/1344,DNA
cgmlst-b1764	b1764,12,100.00,1044/1044,DNA
cgmlst-b1765	b1765,11,100.00,552/552,DNA
cgmlst-b1766	b1766,14,100.00,1857/1857,DNA
cgmlst-b1767	b1767,12,100.00,1017/1017,DNA
cgmlst-b1768	b1768,13,100.00,642/642,DNA
cgmlst-b1777	b1777,9,100.00,273/273,DNA
cgmlst-b1778	b1778,14,100.00,414/414,DNA
cgmlst-b1779	b1779,7,100.00,996/996,DNA
cgmlst-b1780	b1780,12,100.00,885/885,DNA
cgmlst-b1781	b1781,12,100.00,855/855,DNA
cgmlst-b1782	b1782,9,100.00,747/747,DNA
cgmlst-b1787	b1787,8,100.00,504/504,DNA
cgmlst-b1788	b1788,3,100.00,105/105,DNA
cgmlst-b1789	b1789,10,100.00,447/447,DNA
cgmlst-b1792	b1792,8,100.00,348/348,DNA
cgmlst-b1793	b1793,6,100.00,255/255,DNA
cgmlst-b1804	b1804,11,100.00,1128/1128,DNA
cgmlst-b1805	b1805,11,100.00,1686/1686,DNA
cgmlst-b1806	b1806,11,100.00,582/582,DNA
cgmlst-b1807	b1807,12,100.00,696/696,DNA
cgmlst-b1808	b1808,11,100.00,1911/1911,DNA
cgmlst-b1809	b1809,11,100.00,345/345,DNA
cgmlst-b1810	b1810,8,100.00,300/300,DNA
cgmlst-b1811	b1811,1,100.00,180/180,DNA
cgmlst-b1812	b1812,11,100.00,1362/1362,DNA
cgmlst-b1813	b1813,11,100.00,579/579,DNA
cgmlst-b1815	b1815,8,100.00,1599/1599,DNA
cgmlst-b1816	b1816,11,100.00,1557/1557,DNA
cgmlst-b1817	b1817,9,100.00,972/972,DNA
cgmlst-b1818	b1818,7,100.00,801/801,DNA
cgmlst-b1819	b1819,3,100.00,852/852,DNA
cgmlst-b1821	b1821,8,100.00,567/567,DNA
cgmlst-b1822	b1822,12,100.00,810/810,DNA
cgmlst-b1824	b1824,1,100.00,144/144,DNA
cgmlst-b1825	b1825,8,100.00,288/288,DNA
cgmlst-b1826	b1826,5,100.00,144/144,DNA
cgmlst-b1827	b1827,9,100.00,792/792,DNA
cgmlst-b1829	b1829,11,100.00,882/882,DNA
cgmlst-b1830	b1830,12,100.00,2049/2049,DNA
cgmlst-b1831	b1831,10,100.00,699/699,DNA
cgmlst-b1832	b1832,10,100.00,498/498,DNA
cgmlst-b1833	b1833,9,100.00,1284/1284,DNA
cgmlst-b1834	b1834,13,100.00,2634/2634,DNA
cgmlst-b1835	b1835,11,100.00,1440/1440,DNA
cgmlst-b1837	b1837,11,100.00,192/192,DNA
cgmlst-b1839	b1839,10,100.00,342/342,DNA
cgmlst-b1840	b1840,10,100.00,873/873,DNA
cgmlst-b1841	b1841,11,100.00,375/375,DNA
cgmlst-b1842	b1842,8,100.00,231/231,DNA
cgmlst-b1843	b1843,10,100.00,657/657,DNA
cgmlst-b1844	b1844,12,100.00,663/663,DNA
cgmlst-b1845	b1845,11,100.00,2061/2061,DNA
cgmlst-b1846	b1846,11,100.00,660/660,DNA
cgmlst-b1847	b1847,6,100.00,357/357,DNA
cgmlst-b1848	b1848,1,100.00,291/291,DNA
cgmlst-b1849	b1849,13,100.00,1179/1179,DNA
cgmlst-b1850	b1850,10,100.00,642/642,DNA
cgmlst-b1851	b1851,12,100.00,1812/1812,DNA
cgmlst-b1852	b1852,11,100.00,1476/1476,DNA
cgmlst-b1853	b1853,10,100.00,870/870,DNA
cgmlst-b1854	b1854,10,100.00,1443/1443,DNA
cgmlst-b1855	b1855,11,100.00,972/972,DNA
cgmlst-b1856	b1856,12,100.00,1323/1323,DNA
cgmlst-b1857	b1857,11,100.00,933/933,DNA
cgmlst-b1858	b1858,11,100.00,756/756,DNA
cgmlst-b1859	b1859,12,100.00,786/786,DNA
cgmlst-b1860	b1860,9,100.00,1011/1011,DNA
cgmlst-b1861	b1861,10,100.00,612/612,DNA
cgmlst-b1863	b1863,9,100.00,522/522,DNA
cgmlst-b1864	b1864,10,100.00,741/741,DNA
cgmlst-b1865	b1865,9,100.00,453/453,DNA
cgmlst-b1866	b1866,10,100.00,1773/1773,DNA
cgmlst-b1869	b1869,3,100.00,396/396,DNA
cgmlst-b1870	b1870,9,100.00,744/744,DNA
cgmlst-b1871	b1871,10,100.00,972/972,DNA
cgmlst-b1874	b1874,10,100.00,747/747,DNA
cgmlst-b1875	b1875,10,100.00,567/567,DNA
cgmlst-b1876	b1876,10,100.00,1734/1734,DNA
cgmlst-b1897	b1897,9,100.00,801/801,DNA
cgmlst-b1900	b1900,12,100.00,1515/1515,DNA
cgmlst-b1901	b1901,9,100.00,990/990,DNA
cgmlst-b1902	b1902,7,100.00,504/504,DNA
cgmlst-b1904	b1904,10,100.00,324/324,DNA
cgmlst-b1905	b1905,9,100.00,498/498,DNA
cgmlst-b1906	b1906,10,100.00,240/240,DNA
cgmlst-b1907	b1907,12,100.00,1212/1212,DNA
cgmlst-b1908	b1908,11,99.85,666/666,DNA
cgmlst-b1912	b1912,10,100.00,549/549,DNA
cgmlst-b1913	b1913,12,100.00,1833/1833,DNA
cgmlst-b1914	b1914,5,100.00,657/657,DNA
cgmlst-b1915	b1915,4,100.00,225/225,DNA
cgmlst-b1917	b1917,13,100.00,753/753,DNA
cgmlst-b1918	b1918,10,100.00,669/669,DNA
cgmlst-b1919	b1919,14,100.00,987/987,DNA
cgmlst-b1920	b1920,10,100.00,801/801,DNA
cgmlst-b1922	b1922,10,100.00,720/720,DNA
cgmlst-b1925	b1925,10,100.00,411/411,DNA
cgmlst-b1927	b1927,13,100.00,1488/1488,DNA
cgmlst-b1928	b1928,10,100.00,414/414,DNA
cgmlst-b1929	b1929,10,100.00,1206/1206,DNA
cgmlst-b1930	b1930,1,100.00,234/234,DNA
cgmlst-b1937	b1937,11,100.00,315/315,DNA
cgmlst-b1952	b1952,1,100.00,189/189,DNA
cgmlst-b1953	b1953,1,100.00,228/228,DNA
cgmlst-b1957	b1957,9,100.00,183/183,DNA
cgmlst-b1958	b1958,12,100.00,918/918,DNA
cgmlst-b1959	b1959,11,100.00,921/921,DNA
cgmlst-b1960	b1960,10,100.00,471/471,DNA
cgmlst-b1961	b1961,11,100.00,1419/1419,DNA
cgmlst-b1969	b1969,11,100.00,672/672,DNA
cgmlst-b1970	b1970,8,100.00,414/414,DNA
cgmlst-b1971	b1971,12,100.00,1005/1005,DNA
cgmlst-b1972	b1972,11,100.00,636/636,DNA
cgmlst-b1973	b1973,10,100.00,651/651,DNA
cgmlst-b1976	b1976,13,100.00,798/798,DNA
cgmlst-b1983	b1983,10,100.00,717/717,DNA
cgmlst-b1987	b1987,14,100.00,951/951,DNA
cgmlst-b1992	b1992,7,100.00,744/744,DNA
cgmlst-b2007	b2007,3,100.00,330/330,DNA
cgmlst-b2014	b2014,11,100.00,1359/1359,DNA
cgmlst-b2016	b2016,14,100.00,825/825,DNA
cgmlst-b2065	b2065,10,100.00,582/582,DNA
cgmlst-b2066	b2066,8,100.00,642/642,DNA
cgmlst-b2075	b2075,11,100.00,3123/3123,DNA
cgmlst-b2077	b2077,12,100.00,1416/1416,DNA
cgmlst-b2078	b2078,11,100.00,1404/1404,DNA
cgmlst-b2079	b2079,9,100.00,723/723,DNA
cgmlst-b2080	b2080,8,100.00,333/333,DNA
cgmlst-b2081	b2081,7,100.00,1362/1362,DNA
cgmlst-b2086	b2086,11,100.00,900/900,DNA
cgmlst-b2097	b2097,12,100.00,1053/1053,DNA
cgmlst-b2099	b2099,10,100.00,1005/1005,DNA
cgmlst-b2100	b2100,11,100.00,966/966,DNA
cgmlst-b2101	b2101,7,100.00,747/747,DNA
cgmlst-b2103	b2103,12,100.00,801/801,DNA
cgmlst-b2104	b2104,10,100.00,789/789,DNA
cgmlst-b2105	b2105,8,100.00,273/273,DNA
cgmlst-b2107	b2107,10,100.00,339/339,DNA
cgmlst-b2113	b2113,8,100.00,1110/1110,DNA
cgmlst-b2124	b2124,10,100.00,471/471,DNA
cgmlst-b2125	b2125,12,100.00,720/720,DNA
cgmlst-b2126	b2126,9,100.00,1686/1686,DNA
cgmlst-b2128	b2128,12,100.00,732/732,DNA
cgmlst-b2129	b2129,10,100.00,927/927,DNA
cgmlst-b2130	b2130,10,100.00,1158/1158,DNA
cgmlst-b2131	b2131,10,100.00,918/918,DNA
cgmlst-b2132	b2132,10,100.00,2298/2298,DNA
cgmlst-b2133	b2133,10,100.00,1716/1716,DNA
cgmlst-b2134	b2134,10,100.00,933/933,DNA
cgmlst-b2135	b2135,10,100.00,588/588,DNA
cgmlst-b2136	b2136,9,100.00,579/579,DNA
cgmlst-b2141	b2141,12,100.00,399/399,DNA
cgmlst-b2142	b2142,11,100.00,696/696,DNA
cgmlst-b2143	b2143,9,100.00,885/885,DNA
cgmlst-b2144	b2144,10,100.00,720/720,DNA
cgmlst-b2145	b2145,1,100.00,240/240,DNA
cgmlst-b2146	b2146,10,99.92,1239/1239,DNA
cgmlst-b2147	b2147,10,100.00,1236/1236,DNA
cgmlst-b2148	b2148,9,100.00,1011/1011,DNA
cgmlst-b2149	b2149,10,100.00,1521/1521,DNA
cgmlst-b2150	b2150,10,100.00,999/999,DNA
cgmlst-b2151	b2151,10,100.00,1041/1041,DNA
cgmlst-b2152	b2152,12,100.00,1158/1158,DNA
cgmlst-b2153	b2153,8,100.00,669/669,DNA
cgmlst-b2156	b2156,8,100.00,1470/1470,DNA
cgmlst-b2157	b2157,8,100.00,882/882,DNA
cgmlst-b2158	b2158,10,100.00,1050/1050,DNA
cgmlst-b2159	b2159,1,100.00,858/858,DNA
cgmlst-b2160	b2160,10,100.00,1089/1089,DNA
cgmlst-b2165	b2165,11,100.00,939/939,DNA
cgmlst-b2167	b2167,12,100.00,1692/1692,DNA
cgmlst-b2168	b2168,9,100.00,939/939,DNA
cgmlst-b2169	b2169,11,100.00,1131/1131,DNA
cgmlst-b2171	b2171,8,100.00,573/573,DNA
cgmlst-b2172	b2172,13,100.00,1467/1467,DNA
cgmlst-b2173	b2173,12,100.00,987/987,DNA
cgmlst-b2174	b2174,11,100.00,714/714,DNA
cgmlst-b2175	b2175,2,100.00,567/567,DNA
cgmlst-b2176	b2176,10,100.00,1557/1557,DNA
cgmlst-b2177	b2177,12,100.00,1815/1815,DNA
cgmlst-b2178	b2178,9,100.00,1095/1095,DNA
cgmlst-b2179	b2179,13,100.00,1026/1026,DNA
cgmlst-b2180	b2180,13,100.00,1590/1590,DNA
cgmlst-b2181	b2181,5,100.00,345/345,DNA
cgmlst-b2182	b2182,10,100.00,1191/1191,DNA
cgmlst-b2183	b2183,8,100.00,696/696,DNA
cgmlst-b2184	b2184,11,100.00,1761/1761,DNA
cgmlst-b2185	b2185,5,100.00,285/285,DNA
cgmlst-b2186	b2186,9,100.00,1008/1008,DNA
cgmlst-b2187	b2187,1,100.00,228/228,DNA
cgmlst-b2188	b2188,11,100.00,1761/1761,DNA
cgmlst-b2193	b2193,9,100.00,648/648,DNA
cgmlst-b2194	b2194,9,100.00,1053/1053,DNA
cgmlst-b2195	b2195,9,100.00,558/558,DNA
cgmlst-b2196	b2196,9,100.00,1944/1944,DNA
cgmlst-b2197	b2197,9,100.00,480/480,DNA
cgmlst-b2198	b2198,2,100.00,210/210,DNA
cgmlst-b2199	b2199,9,100.00,738/738,DNA
cgmlst-b2200	b2200,8,100.00,663/663,DNA
cgmlst-b2201	b2201,7,100.00,624/624,DNA
cgmlst-b2202	b2202,6,100.00,603/603,DNA
cgmlst-b2203	b2203,9,100.00,450/450,DNA
cgmlst-b2204	b2204,11,100.00,864/864,DNA
cgmlst-b2205	b2205,12,100.00,696/696,DNA
cgmlst-b2206	b2206,11,100.00,2487/2487,DNA
cgmlst-b2207	b2207,6,100.00,264/264,DNA
cgmlst-b2208	b2208,9,100.00,495/495,DNA
cgmlst-b2209	b2209,9,100.00,489/489,DNA
cgmlst-b2210	b2210,10,100.00,1647/1647,DNA
cgmlst-b2211	b2211,12,100.00,1644/1644,DNA
cgmlst-b2212	b2212,11,100.00,651/651,DNA
cgmlst-b2213	b2213,9,100.00,1065/1065,DNA
cgmlst-b2214	b2214,9,100.00,1056/1056,DNA
cgmlst-b2216	b2216,11,100.00,2673/2673,DNA
cgmlst-b2217	b2217,9,100.00,651/651,DNA
cgmlst-b2218	b2218,57,100.00,2850/2850,DNA
cgmlst-b2225	b2225,9,100.00,777/777,DNA
cgmlst-b2231	b2231,9,100.00,2628/2628,DNA
cgmlst-b2232	b2232,10,100.00,723/723,DNA
cgmlst-b2234	b2234,10,100.00,2286/2286,DNA
cgmlst-b2235	b2235,9,100.00,1131/1131,DNA
cgmlst-b2236	b2236,7,100.00,255/255,DNA
cgmlst-b2237	b2237,8,100.00,651/651,DNA
cgmlst-b2239	b2239,9,100.00,1077/1077,DNA
cgmlst-b2240	b2240,11,100.00,1359/1359,DNA
cgmlst-b2241	b2241,9,100.00,1629/1629,DNA
cgmlst-b2242	b2242,10,100.00,1260/1260,DNA
cgmlst-b2243	b2243,10,100.00,1191/1191,DNA
cgmlst-b2249	b2249,9,100.00,1203/1203,DNA
cgmlst-b2250	b2250,11,100.00,543/543,DNA
cgmlst-b2251	b2251,11,100.00,426/426,DNA
cgmlst-b2252	b2252,9,100.00,603/603,DNA
cgmlst-b2253	b2253,11,100.00,1140/1140,DNA
cgmlst-b2254	b2254,9,100.00,969/969,DNA